set_num,value
10000-1,224.72
10001-1,457.96
10013-1,99.35
10016-1,247.25
10017-1,147.48
10024-1,350.56
10027-1,857.51
10030-1,919.1
10036-1,64.21
10079-1,8.34
10090-1,15.52
101-1,15.62
10115-1,18.67
10124-1,434.43
10128-1,202.9
101-1,15.62
10131-1,214.94
10143-1,1399.32
10144-1,316.69
10157-1,313.26
10173-1,776.19
10177-1,1086.67
10182-1,77.05
10184-1,589.91
10186-1,496.35
10188-1,604.25
10189-1,3449.76
10190-1,1009.05
10191-1,213.81
10193-1,318.03
10194-1,1253.03
10196-1,2544.23
10197-1,1047.86
10198-1,254.42
10200-1,110.84
10210-1,898.86
10211-1,524.11
10214-1,257.72
10215-1,249.9
10216-1,437.35
10218-1,267.14
10220-1,135.89
10221-1,1416.54
10224-1,1159.31
10225-1,455.81
10226-1,241.52
10227-1,674.16
10228-1,582.15
10229-1,512.29
10230-1,287.15
10231-1,889.21
10232-1,413.44
10233-1,385.21
10234-1,496.77
10235-1,282.35
10236-1,508.85
10240-1,403.04
10241-1,449.44
10243-1,376.55
10244-1,293.86
10245-1,367.64
10246-1,433.06
10247-1,533.53
10248-1,449.44
10249-1,251.88
10251-1,554.49
10252-1,170.18
10253-1,539.33
10254-1,194.24
10255-1,453.42
10256-1,347.74
10257-1,423.33
10258-1,156.04
10259-1,231.14
10260-1,357.69
10261-1,502.83
10262-1,196.66
10263-1,124.18
10264-1,257.68
10265-1,178.51
10266-1,140.56
10267-1,170.75
10268-1,213.5
10269-1,116.41
10270-1,254.42
10271-1,99.2
10272-1,357.91
10273-1,400.72
10274-1,330.25
10275-1,193.72
10276-1,860.23
10277-1,171.74
10278-1,295.85
10280-1,101.37
1031-1,15.66
1033-1,31.05
10401-1,10.0
10402-1,13.36
10403-1,3.48
6225347,36.89
10405-1,96.83
10504-1,82.62
10510-1,56.66
10513-1,29.48
10521-1,9.74
10529-1,32.29
10539-1,48.9
10553-1,28.78
10554-1,42.07
10558-1,13.91
10559-1,8.68
10567-1,31.33
10572-1,40.21
10573-1,13.9
10574-1,34.79
10581-1,27.33
10589-1,31.98
10602-1,64.27
10603-1,32.44
10654-1,124.19
10665-1,9.25
10666-1,15.62
10667-1,31.8
10668-1,39.99
10669-1,30.23
10673-1,39.16
10675-1,104.41
10677-1,24.4
10679-1,25.44
10681-1,43.51
1069-1,25.44
10692-1,15.25
10693-1,24.77
10694-1,31.05
10695-1,63.59
10696-1,26.11
10697-1,139.93
10698-1,61.06
10704-1,38.15
10706-1,10.0
10707-1,4.27
10708-1,5.78
10709-1,5.78
10713-1,24.01
10714-1,8.82
10715-1,30.32
10721-1,17.29
10722-1,12.6
10723-1,19.98
10725-1,66.18
10726-1,23.27
10727-1,78.08
10731-1,19.7
10735-1,38.4
10742-1,45.0
10743-1,7.76
10748-1,15.0
10749-1,27.31
10750-1,11.12
10751-1,24.16
10754-1,48.52
10755-1,29.48
10756-1,24.33
10757-1,49.66
10758-1,89.04
10759-1,24.1
10761-1,63.3
10764-1,64.21
10765-1,19.07
10767-1,15.51
10768-1,23.27
10771-1,31.03
10804-1,100.89
10805-1,177.26
10806-1,23.29
10813-1,75.28
10817-1,52.63
10819-1,43.31
10824-1,43.31
10826-1,75.91
10831-1,21.58
10839-1,31.03
10845-1,40.35
10847-1,21.83
10849-1,7.75
10851-1,10.08
10854-1,59.81
10861-1,18.87
10863-1,26.72
6213736,22.69
10867-1,31.05
10870-1,13.15
10871-1,41.09
10872-1,21.63
10873-1,32.1
10874-1,83.47
10875-1,158.78
10878-1,92.86
10879-1,44.3
10881-1,39.32
10883-1,15.51
10884-1,18.29
10885-1,28.77
10886-1,24.2
10894-1,36.54
10895-1,25.43
10897-1,17.02
10898-1,15.51
10900-1,11.82
10902-1,46.56
10903-1,62.87
10904-1,13.01
10906-1,75.44
10908-1,12.34
10909-1,24.84
10910-1,23.29
10913-1,54.81
10914-1,91.34
10915-1,36.6
10917-1,7.75
10918-1,5.72
6288656,43.99
10921-1,37.19
10922-1,37.19
10924-1,37.19
10925-1,18.29
10926-1,18.29
10927-1,11.75
10928-1,48.81
10929-1,106.55
10930-1,11.82
10932-1,75.44
10937-1,343.63
1094-1,15.52
10953-1,11.61
10955-1,24.25
1097-1,17.4
1099-1,31.8
11001-1,8.85
11003-1,51.69
11004-1,53.28
11006-1,5.68
11007-1,5.72
11008-1,31.96
11009-1,36.37
11010-1,8.82
11011-1,77.03
1103-1,23.43
111901-1,12.17
111904-1,6.19
1119-1,69.86
112005,3.15
112006-1,6.0
112007-1,5.2
112008-1,14.04
1146-1,54.33
117-1,54.18
11717-1,129.45
1185,31.24
1186,31.24
1187,42.95
1188,15.11
11910-1,22.26
11938-1,5.26
11941-1,7.79
11943-1,12.4
1195-1,12.97
1197,57.42
1203-1,13.97
1211-1,7.81
121801-1,6.05
121904-1,7.75
122005-1,6.19
122006-1,5.42
122009-1,8.98
122010-1,8.64
1249,20.87
1250-1,4.99
1251,11.16
1255,30.27
1263,13.87
1264,15.54
1295-1,8.7
131-1,92.18
1351-1,57.25
1352,76.07
1353-1,34.14
1355-1,7.7
1356,12.9
1360,23.78
1361-1,23.29
1363-1,23.27
1381-1,89.89
1382-1,128.41
1383-1,26.72
139A-1,515.89
1405-1,15.51
146-1,124.19
1464-1,7.3
1475-1,62.33
1478-1,38.81
1491-1,35.62
1499-1,38.43
150-1,15.62
151-1,15.62
153-1,38.81
154-1,18.63
155-1,23.29
156-2,4.84
1572-1,29.42
160-1,23.29
1621-1,54.33
1630-1,3.48
1641,7.11
1677,12.32
17101-1,153.85
1730-1,4.66
1731-1,31.05
1733-1,4.66
1747,14.84
1752,9.37
1761-1,3.88
1772-1,61.7
1774-1,77.62
1787-1,122.64
1789-1,388.1
1793-1,388.1
1808,21.72
1815,77.54
1817,12.4
1825,8.68
1827-1,8.68
1831,619.4
1858-1,38.81
1875-1,23.29
1887-1,23.29
1896-1,44.52
1899-1,109.05
1916-1,23.29
1955,541.78
4194865,675.29
6037809,1218.55
6057521,896.08
6131785,96.12
2000448-1,10.69
6185446,572.45
6142809,15.23
200-1,17.85
20010-1,26.23
20019-1,21.75
2015-1,7.11
2024-1,7.76
2025-1,1.27
2032-1,2.06
2045-1,1.27
2056-1,63.63
2063-1,11.64
2067-1,12.42
2068-1,8.84
2069-1,1.8
21001-1,310.48
21002-1,93.14
21003-1,100.91
21005-1,543.34
21006-1,57.25
21007-1,929.54
21008-1,59.98
21009-1,286.23
210-1,22.46
21010-1,877.1
21013-1,38.99
21014-1,566.62
21016-1,620.96
21017-1,272.69
21018-1,228.96
21020-1,251.88
21021-1,1399.32
21022-1,178.53
21024-1,200.99
21026-1,177.97
21027-1,177.97
21028-1,61.97
21029-1,146.29
21030-1,115.69
21031-1,148.2
21032-1,165.99
21033-1,156.62
21034-1,46.42
21035-1,153.62
6174068,91.59
21039-1,108.65
21041-1,91.59
21042-1,119.38
21043-1,50.45
21044-1,57.74
21045-1,94.59
21046-1,118.26
21047-1,76.07
21050-1,693.3
21051-1,70.93
21052-1,71.25
6288701,117.83
21055-1,93.13
21101-1,381.63
21107-1,57.27
21108-1,144.18
21109-1,74.94
211-1,10.09
21110-1,69.95
21113-1,19.09
6092423,40.01
21115-1,160.15
21116-1,56.66
21117-1,93.14
21118-1,268.42
21120-1,38.73
2112-1,11.36
21121-1,114.36
21122-1,168.87
21123-1,3.73
21128-1,743.59
21129-1,77.6
21135-1,153.69
21136-1,262.35
21138-1,54.32
21140-1,37.98
21141-1,31.8
21142-1,91.59
21143-1,107.11
21147-1,169.21
21148-1,38.16
21149-1,46.42
21150-1,60.54
2115-1,8.0
21151-1,24.25
21153-1,24.99
21154-1,47.99
21155-1,102.91
21157-1,23.13
21158-1,33.49
21159-1,55.34
21160-1,89.05
2116-1,4.93
21161-1,83.81
21162-1,11.94
21163-1,55.87
211701-1,6.19
211702-1,6.0
211803-1,5.2
211902-1,4.49
211904-1,6.21
21200-1,9.73
212007-1,8.58
212008-1,5.42
212009-1,6.19
212012-1,12.01
2126,619.4
21301-1,152.65
21302-1,240.31
21304-1,154.91
21305-1,114.43
21307-1,127.19
21308-1,49.61
21309-1,152.65
213-1,14.75
21310-1,408.99
21311-1,349.76
21312-1,44.52
21313-1,124.18
21314-1,63.61
21315-1,100.47
21316,81.14
21317-1,121.01
21318-1,308.26
21319-1,43.47
21320-1,93.13
21321-1,106.71
21322-1,99.35
21323-1,548.18
6316436,217.33
2141-1,13.2
2142-1,10.09
2143-1,10.1
2144-1,9.25
2145-1,11.84
2149,116.43
2150-1,852.26
2151,24.17
2161-1,30.53
2174-1,10.18
2175-1,7.64
2182-1,18.58
2191-1,6.99
2193-1,12.88
2231-1,18.63
2232-1,19.41
2253,49.61
2254-1,20.1
2255-1,5.96
2256-1,8.0
2259-1,10.87
2260-1,46.57
2263-1,23.29
2277-1,15.51
2282-1,52.29
2283-1,56.79
2294-1,7.73
230-1,61.09
2304,16.22
241501-1,5.15
241502-1,5.15
241601-1,6.86
241701-1,3.9
241702-1,5.15
242001-1,5.42
242002-1,8.58
242003-1,12.01
2504-1,25.67
2505-1,389.75
2506-1,46.57
2507-1,191.44
2508-1,19.34
2516-1,4.93
2518-1,28.72
2535,6.99
2536-1,6.99
2537,6.99
254-1,153.69
2541,6.99
2542-1,6.99
2544-1,3.1
256-1,24.84
258-1,348.58
2584,8.72
2634-1,23.24
2647-1,116.43
265-1,30.97
2671-1,19.37
2674-1,76.07
2683,82.69
269-1,89.05
2695-1,24.77
271-1,23.29
271601-1,4.2
271602-1,3.35
271605-1,4.0
271606-1,1.81
271607-1,2.36
271608-1,3.04
271609-1,2.77
271610-1,2.43
271611-1,2.41
271713-1,2.0
271714-1,2.93
271716-1,3.88
271718-1,2.41
271720-1,2.84
271721-1,1.74
271722-1,3.44
271723-1,1.55
271824-1,2.23
271825-1,3.26
271826-1,3.09
271827-1,2.72
271828-1,3.48
271829-1,2.69
271831-1,3.86
271832-1,3.14
272-1,15.49
2728,6.94
2729-1,10.43
2742,5.2
2744,3.1
275-1,23.24
2757-1,5.2
2759,4.32
2769,34.99
2829-1,51.88
2847,6.17
2849,3.09
2853300,442.51
4591726,88.51
2870,3.01
2879,151.36
2880-1,3.85
2884,10.79
2885,3.09
2887-1,3.46
2912-1,38.56
2925-1,107.79
293-1,60.82
2937,27.7
294-1,20.51
2963,9.94
297-1,38.57
30001-1,4.76
30002-1,5.1
30003-1,3.87
30004-1,10.38
30005-1,11.24
30008-1,5.17
30009-1,5.19
30010-1,4.31
30011-1,6.83
30014-1,2.59
30017-1,4.31
30019-1,4.54
30021-1,4.07
30023-1,8.49
30024-1,4.31
30025-1,7.64
30026-1,11.57
30027-1,26.95
30029-1,5.62
30031-1,4.97
30035-1,5.1
30041-1,7.27
30042-1,6.56
30056-1,6.17
30057-1,8.84
30061-1,15.38
30068-1,2.68
30070-1,15.12
30071-1,24.85
30072-1,25.39
30080-1,8.56
4644242,8.65
30082-1,3.46
30083-1,6.54
30085-1,3.63
30086-1,4.47
30090-1,5.1
30102-1,5.05
30103-1,7.36
30106-1,6.9
30107-1,7.62
30108-1,4.32
30110-1,10.36
30111-1,8.65
30113-1,4.63
30114-1,4.61
30115-1,4.74
30116-1,5.17
3012,24.84
30121-1,2.59
30130-1,32.13
30131-1,26.16
30140-1,6.56
30151-1,5.29
30152-1,6.56
30161-1,8.82
30162-1,5.1
30163-1,10.38
30164-1,25.87
30165-1,6.05
30166-1,22.77
30167-1,25.3
30182-1,10.89
30183-1,3.81
30187-1,6.13
30188-1,3.84
30189-1,3.03
30190-1,11.71
30191-1,7.71
30192-1,4.09
30193-1,3.18
30194-1,3.73
30195-1,3.86
30197-1,42.99
30200-1,11.22
302001-1,5.49
302002-1,5.63
302003-1,5.38
302004-1,4.39
302005-1,10.23
302006-1,4.8
302007-1,10.23
30201-1,27.72
30202-1,7.09
30203-1,5.59
30204-1,7.71
30205-1,3.14
302-1,30.86
30210-1,9.22
30211-1,12.11
30212-1,46.18
30213-1,13.84
30215-1,10.38
30216-1,18.97
30218-1,6.91
30220-1,7.68
30221-1,6.32
30222-1,4.32
30227-1,2.42
30228-1,3.46
30229-1,3.96
30230-1,7.59
30240-1,3.46
30241-1,11.55
30242-1,9.86
30243-1,7.59
30244-1,4.15
30246-1,4.32
30247-1,5.19
30250-1,4.97
30251-1,3.08
30252-1,4.97
30253-1,5.69
30254-1,4.91
30255-1,8.22
30256-1,19.87
30259-1,6.42
30260-1,4.31
30261-1,11.38
30262-1,7.31
30264-1,4.63
30265-1,3.96
30266-1,8.67
30270-1,4.97
6077746,6.9
30272-1,8.85
30274-1,4.9
30275-1,4.51
30276-1,5.54
30277-1,7.55
30278-1,6.05
30279-1,5.18
30280-1,5.96
30281-1,6.04
30282-1,3.63
30283-1,2.42
30284-1,4.32
30285-1,2.78
6108406,9.95
30291-1,5.62
30293-1,4.97
30300-1,7.78
30301-1,6.49
30302-1,5.19
30303-1,4.32
30304-1,8.65
30305-1,6.17
30311-1,2.59
30312-1,5.88
30313-1,5.06
30314-1,9.38
30315-1,6.64
30320-1,22.85
30321-1,6.04
30323-1,4.75
30325-1,6.9
30326-1,10.69
30327-1,2.85
30329-1,5.38
30330-1,3.07
30331-1,6.09
30332-1,6.09
30338-1,4.97
30339-1,4.24
30340-1,3.58
30341-1,7.7
30342-1,5.08
30343-1,10.62
30346-1,4.31
30347-1,5.55
30348-1,5.36
30349-1,4.62
30350-1,10.11
30351-1,4.47
30352-1,4.72
30353-1,7.9
30354-1,5.19
6176919,5.54
30356-1,12.96
30357-1,4.14
30358-1,2.53
30359-1,6.17
30361-1,2.77
30362-1,5.4
30363-1,4.83
30364-1,6.92
30365-1,3.82
30366-1,4.48
30367-1,4.46
30368-1,3.61
30369-1,4.46
30371-1,3.18
30372-1,3.79
30373-1,4.83
30374-1,3.01
30375-1,27.0
30376-1,5.96
30377-1,4.21
30378-1,3.48
30380-1,3.78
30381-1,6.18
30382-1,5.45
30383-1,5.38
30384-1,4.61
30386-1,6.07
30393-1,8.84
30394-1,5.38
6138521,6.89
30397-1,6.49
30398-1,4.12
30399-1,7.71
30400-1,3.2
30401-1,3.8
30402-1,3.38
30403-1,3.2
30404-1,4.15
30405-1,4.21
30406-1,4.11
30407-1,5.94
30408-1,5.24
30409-1,4.6
30410-1,3.8
30412-1,4.97
30420-1,4.99
30421-1,5.17
30422-1,4.97
30426-1,12.0
30427-1,6.05
30428-1,4.99
6138541,7.37
30447-1,15.64
6142257,20.39
30449-1,5.96
6214757,5.92
30451-1,7.13
30452-1,5.38
30453-1,6.32
30460-1,5.52
30461-1,6.29
30463-1,6.93
30464-1,4.61
30465-1,6.09
30471-1,4.98
30472-1,2.55
30473-1,6.82
30474-1,16.94
30475-1,9.54
30476-1,4.55
30477-1,4.92
30478-1,7.7
30496-1,5.99
30497-1,7.59
30498-1,5.06
305-1,61.72
30521-1,6.32
30522-1,4.78
30523-1,5.69
30524-1,1.71
30525-1,7.45
30526-1,11.34
30527-1,4.24
30528-1,3.81
30529-1,3.98
30530-1,5.62
30531-1,8.22
30532-1,7.08
30533-1,3.91
30534-1,7.95
6253228,4.71
30536-1,4.3
30537-1,5.46
30540-1,9.54
30542-1,6.16
30545-1,3.98
30546-1,4.43
30547-1,5.98
30550-1,3.78
3055,17.3
30551-1,12.64
30552-1,11.12
30553-1,4.87
30554-1,4.07
30555-1,4.88
30556-1,3.83
30566-1,6.09
30568-1,6.09
30571-1,5.05
30572-1,5.37
30573-1,4.14
30574-1,4.94
30575-1,4.42
30576-1,5.98
30577-1,9.48
30601-1,26.18
30602-1,12.11
30603-1,8.71
30604-1,12.02
30605-1,11.5
30606-1,16.89
30607-1,9.94
30608-1,6.77
30609-1,2.52
306-1,30.86
30610-1,23.08
30611-1,25.93
30612-1,16.42
30614-1,8.65
30615-1,9.24
30617-1,20.87
30623-1,16.87
30624-1,8.72
3063-1,25.02
3065-1,26.18
31000-1,10.72
31002-1,9.94
31003-1,10.88
31004-1,12.44
31005-1,10.7
31006-1,43.25
31008-1,19.88
31009-1,35.42
31010-1,24.03
31011-1,137.04
31012-1,124.21
31013-1,4.49
31014-1,5.72
31015-1,23.88
31017-1,8.08
31018-1,8.3
31019-1,15.18
31020-1,10.88
3102,15.4
31021-1,88.49
31022-1,16.97
31023-1,44.56
31024-1,28.82
31025-1,69.42
31027-1,10.8
31028-1,12.52
31029-1,9.17
31030-1,6.91
31032-1,44.65
31033-1,18.44
31037-1,38.49
31038-1,67.75
31039-1,92.58
31040-1,7.95
31042-1,9.94
31043-1,9.74
31045-1,77.84
31046-1,20.86
31047-1,33.87
31048-1,39.12
31049-1,38.48
31050-1,113.78
31052-1,90.1
31053-1,54.24
31054-1,7.77
31055-1,5.06
31057-1,9.94
31058-1,10.8
31059-1,31.6
31062-1,18.66
31063-1,46.18
31064-1,60.05
31067-1,50.16
31069-1,106.25
31070-1,77.22
31071-1,12.44
31072-1,9.94
31073-1,23.1
31074-1,29.81
31075-1,30.78
31076-1,21.01
31077-1,61.58
31078-1,50.6
31079-1,56.9
31080-1,53.11
31081-1,64.67
31083-1,69.28
31084-1,157.41
31085-1,61.58
31086-1,15.71
31087-1,16.42
31088-1,12.89
31089-1,29.29
31090-1,24.03
31091-1,43.48
31092-1,10.45
31093-1,40.02
31094-1,46.97
31095-1,54.65
31096-1,138.95
31098-1,45.58
31099-1,11.31
31100-1,13.73
3110,27.77
31101-1,17.53
31102-1,33.03
31103-1,29.63
31104-1,54.88
31105-1,64.46
31107-1,60.25
31108-1,99.33
31109-1,127.86
31111-1,11.74
31112-1,17.87
31113-1,29.78
31118-1,60.76
3115,38.49
3118,264.91
3119,346.45
31197-1,156.91
31198-1,152.6
31199-1,157.81
31201-1,157.81
31202-1,231.44
3130-1,19.67
31313-1,369.55
3135,44.74
3141,6.09
3144-1,83.15
3148,138.58
3149-1,260.22
3150,23.14
3151,69.29
3152,53.89
317-1,123.11
317-1,123.11
3177-1,8.04
3178-1,9.24
3179-1,8.65
3180-1,31.14
3181-1,12.65
3182-1,110.57
3183-1,15.4
3184-1,34.78
3185-1,170.77
3186-1,24.22
3187-1,25.41
3188-1,50.57
3189-1,63.13
3202,152.44
3203,76.99
3222-1,42.6
3300-1,51.88
3305-1,6.54
331-1,30.03
331-1,30.03
3315-1,72.37
3352-1,41.5
3353-1,65.72
3366-1,8.65
3367-1,13.46
3383-1,15.42
3408,29.09
3409-1,76.97
3416-1,48.44
3419-1,51.72
3424-1,4.62
3429-1,38.49
343-1,384.95
3432-1,300.87
3439-1,31.59
3440-1,24.84
3450,2771.63
3451,230.28
349-1,76.99
350-1,76.99
3502,15.4
3505,23.08
352-1,30.03
3530-1,15.18
3532-1,4.62
3536-1,41.4
3540-1,4.97
354-1,36.88
3541-1,5.06
3542-1,5.06
3543-1,5.06
3548-1,6.08
3570-1,177.08
3578-1,202.39
358-1,84.69
361-2,25.41
3635-1,28.49
3658-1,43.25
3670-1,110.86
3677-1,455.23
368-1,23.02
369-1,269.45
370-1,60.82
371-1,30.03
372-1,100.09
373-1,270.05
3731,31.12
3737,51.89
374-2,30.03
375-2,1896.14
375-3,46.19
377-1,131.17
3774-1,53.89
379-1,53.89
379-2,29.18
381-2,92.31
3816-1,92.39
3817-1,92.39
382-1,36.88
3825-1,138.58
3826-1,73.23
3828-1,615.92
3829-1,615.92
3831-1,224.86
3832-1,152.44
3833-1,220.79
384-1,42.34
3842-1,23.02
3843-1,38.58
3845-1,12.11
3850033-1,13.84
387-1,34.65
390-2,100.09
391405-1,6.2
391503-1,3.03
3920-1,44.27
3930-1,5.4
3931-1,6.51
3932-1,12.32
3933-1,14.63
3934-1,7.95
3935-1,16.59
3936-1,12.92
3937-1,15.4
3938-1,6.91
3939-1,11.89
394-1,385.79
395-1,207.87
6089762,57.96
6074709,145.92
4000016-1,214.24
4000019-1,227.68
4000028-1,31.71
4000029-1,29.03
4000030-1,38.07
40011-1,9.01
40012-1,6.88
40013-1,3.86
40017-1,23.1
6144139,242.17
4002016-1,432.08
4643319,15.18
40030-1,25.37
40032-1,15.2
40033-1,19.38
40034-1,9.94
40035-1,11.81
40037-1,12.02
40040-1,8.56
40049-1,15.38
4005-1,29.3
40052-1,19.03
40053-1,24.65
40056-1,25.86
40057-1,22.4
40058-1,24.75
40069-1,12.02
40072-1,11.93
40076-1,26.88
40077-1,10.5
40079-1,39.76
40086-1,11.47
40090-1,17.86
6062555,18.82
40093-1,33.87
40095-1,12.69
4010-1,21.56
40103-1,14.66
40105-1,24.64
40106-1,58.79
40107-1,24.11
6062063,33.73
40109-1,44.73
40112-1,15.42
40115-1,38.07
40118-1,35.53
40120-1,18.32
4012,21.5
40121-1,19.03
40123-1,26.95
40124-1,21.57
40125-1,25.95
40127-1,13.72
40128-1,7.41
40129-1,7.7
40130-1,7.41
40131-1,14.01
40132-1,8.8
40133-1,4.42
40134-1,7.72
40135-1,6.93
40136-1,12.1
40137-1,10.31
40138-1,27.7
40139-1,81.02
40140-1,23.02
40141-1,34.79
40142-1,29.77
40143-1,29.77
40144-1,44.75
40146-1,67.46
40148-1,38.16
40153-1,20.24
40155-1,25.38
6112764,35.61
40166-1,37.82
40171-1,30.64
40172-1,39.75
40176-1,11.63
6196441,15.11
40180-1,24.85
40181-1,40.79
40182-1,231.47
40183-1,46.28
40186-1,15.23
40188-1,29.3
40195-1,9.16
40196-1,12.32
40198-1,69.43
40199-1,152.77
40201-1,10.38
40202-1,6.57
40203-1,11.38
40205-1,23.15
40206-1,12.56
40207-1,173.84
40208-1,6.34
40210-1,9.25
4021-1,23.1
40214-1,5.69
40216-1,7.61
40217-1,6.05
40218-1,4.17
6137274,12.69
40220-1,11.55
40221-1,22.64
40222-1,21.02
40223-1,54.01
40227-1,90.85
4023-1,12.33
6141952,33.8
40235-1,18.94
40236-1,15.8
40237-1,13.87
40239-1,4.66
40241-1,6.26
40242-1,4.53
40244-1,7.52
40245-1,5.29
40246-1,6.34
40247-1,6.34
40248-1,7.7
40249-1,6.96
40251-1,20.6
40252-1,30.01
6175054,15.4
40254-1,38.58
40256-1,15.52
40260-1,24.69
40261-1,16.9
40262-1,18.46
40266-1,25.29
40267-1,6.34
40268-1,7.27
40271-1,10.03
40272-1,12.69
40273-1,15.17
40276-1,6.16
40277-1,8.8
40278-1,7.7
40279-1,5.08
40280-1,5.08
40281-1,6.33
40282-1,6.16
40283-1,7.7
40284-1,6.16
40285-1,11.02
40286-1,7.7
40287-1,10.79
40288-1,19.88
40291-1,30.86
6215188,39.09
40293-1,40.37
40298-1,4.83
40299-1,14.69
40300-1,7.62
4030-1,132.42
40302-1,7.08
40304-1,3.86
40307-1,6.3
40308-1,12.32
40309-1,5.96
40310-1,5.96
40311-1,8.85
40313-1,5.96
40314-1,18.52
40318-1,115.74
40320-1,30.8
6251894,6.2
40322-1,10.26
40323-1,9.85
40325-1,5.89
40326-1,9.85
40327-1,9.09
40329-1,10.59
40330-1,9.85
40331-1,9.09
40332-1,9.88
40333-1,39.76
40334-1,38.11
40335-1,30.78
40336-1,23.13
40337-1,41.6
40338-1,101.07
40341-1,5.96
40342-1,24.91
40343-1,20.41
40345-1,16.97
40347-1,38.89
40348-1,18.0
40349-1,16.2
40350-1,7.78
40351-1,24.95
40352-1,20.95
40354-1,23.08
40355-1,13.89
40357-1,30.72
40358-1,21.57
40359-1,33.26
40361-1,24.85
40367-1,18.97
40371-1,7.53
40375-1,7.56
40376-1,7.49
40377-1,18.86
40379-1,20.79
40380-1,14.33
40381-1,19.75
6292461,24.95
40384-1,22.36
40385-1,15.01
40386-1,35.26
40388-1,19.01
4039-1,23.15
40391-1,35.26
40393-1,38.15
40396-1,12.15
40398-1,13.25
40399-1,10.21
40401-1,12.01
40402-1,9.16
40403-1,13.72
40407-1,24.49
40408-1,12.3
40409-1,18.91
40410-1,44.64
40411-1,10.77
40413-1,12.68
40416-1,37.82
40422-1,16.9
40423-1,23.08
40424-1,26.02
40425-1,20.69
40426-1,69.57
40428-1,35.26
40429-1,75.77
40431-1,35.26
40433-1,189.74
40434-1,7.72
40436-1,17.89
40440-1,34.78
40448-1,29.82
40466-1,37.95
40474-1,13.53
4053-1,15.38
4058-1,38.58
4059-1,54.01
4060-1,38.58
4061-1,19.29
4062-1,46.29
4065-1,54.01
4066-1,38.58
4067-1,11.57
4079-1,46.29
4095-1,101.45
4096-1,18.48
4097-1,58.19
4099-1,44.73
41000-1,5.38
4100-1,83.03
41001-1,8.29
41003-1,10.78
41004-1,19.25
41005-1,43.01
41006-1,54.01
41007-1,29.82
41008-1,31.14
41009-1,13.86
41010-1,10.78
4101-1,141.18
41011-1,8.29
41013-1,9.65
41015-1,73.46
41016-1,30.8
41017-1,6.93
41018-1,5.32
41019-1,12.3
41020-1,4.47
41021-1,8.63
6025143,8.63
41024-1,8.15
41026-1,23.1
41027-1,11.19
41028-1,9.77
41029-1,20.06
41030-1,11.77
41031-1,12.32
41032-1,11.07
41033-1,21.62
41034-1,26.18
6059302,30.8
41036-1,32.0
41037-1,33.64
41038-1,44.73
41039-1,88.55
41041-1,7.72
41042-1,12.3
41043-1,12.3
41044-1,10.14
41045-1,12.3
41046-1,12.3
41047-1,5.0
41048-1,10.36
41049-1,12.3
41051-1,49.7
41052-1,29.18
41053-1,30.86
41056-1,16.43
41057-1,55.55
41058-1,87.28
41060-1,17.0
41061-1,46.28
41062-1,76.12
41063-1,240.33
41065-1,28.0
41068-1,50.58
41069-1,25.29
41071-1,18.5
41072-1,113.83
41073-1,61.71
41074-1,36.8
41075-1,69.29
41076-1,16.94
41077-1,77.14
41078-1,230.97
41085-1,33.87
41086-1,10.0
41087-1,15.38
41088-1,6.03
41089-1,7.61
41090-1,10.7
41091-1,13.66
41092-1,16.62
41093-1,22.49
41094-1,34.15
41095-1,161.68
41097-1,25.46
41098-1,16.43
41099-1,15.0
41103-1,15.4
41104-1,50.6
41105-1,50.6
41106-1,59.63
41107-1,25.95
41108-1,60.54
41109-1,127.31
41110-1,53.88
41111-1,8.44
41112-1,6.31
41113-1,8.47
41114-1,5.19
41115-1,9.0
6135781,20.0
41119-1,37.81
6135836,12.3
41122-1,171.15
41123-1,10.72
41124-1,103.79
41126-1,7.61
41127-1,13.84
41128-1,19.25
41129-1,21.63
41130-1,100.31
41135-1,233.0
41140-1,21.41
41143-1,9.24
41144-1,12.33
41146-1,101.07
41148-1,92.57
41149-1,24.0
41151-1,19.91
41153-1,69.43
41154-1,202.26
41155-1,33.73
41156-1,38.58
41157-1,49.49
41158-1,13.87
41159-1,33.95
41162-1,104.92
41165-1,37.94
41169-1,14.66
41172-1,153.95
41173-1,75.45
41174-1,120.0
41175-1,92.57
41176-1,169.38
41178-1,146.28
41182-1,35.17
41183-1,89.45
41185-1,106.48
41187-1,108.01
41188-1,64.66
41196-1,154.28
41230-1,13.91
41231-1,24.85
41232-1,60.65
41233-1,18.36
41234-1,23.15
41238-1,75.0
41239-1,152.77
41250-1,29.69
41251-1,20.86
41253-1,24.85
41254-1,49.23
41255-1,44.73
41256-1,76.48
41258-1,128.65
41287-1,14.91
41288-1,51.38
41300-1,15.0
41301-1,38.48
41302-1,4.97
41303-1,10.81
41305-1,18.97
41306-1,21.5
41307-1,22.77
41308-1,30.78
41309-1,18.97
41311-1,35.42
41313-1,69.43
41315-1,17.71
41317-1,86.27
41318-1,216.23
41321-1,37.94
41327-1,22.73
41328-1,13.96
41329-1,30.78
41330-1,19.03
41332-1,47.83
41334-1,49.9
41338-1,46.14
41339-1,123.18
41341-1,15.43
41343-1,50.6
41346-1,62.17
41347-1,198.78
41349-1,43.21
41350-1,40.12
41351-1,52.9
41352-1,67.04
41354-1,7.61
41355-1,7.58
41356-1,7.61
41357-1,7.61
41358-1,7.61
41359-1,20.7
41361-1,36.7
41365-1,6.34
41366-1,36.66
41367-1,44.83
41368-1,62.16
41369-1,176.97
41371-1,43.23
41373-1,80.84
41374-1,49.78
41375-1,200.59
41376-1,29.32
41378-1,61.58
41379-1,74.54
41381-1,129.34
41384-1,8.88
41385-1,8.88
41386-1,8.88
41387-1,8.88
41388-1,8.88
41389-1,11.84
41391-1,38.06
41392-1,26.97
41393-1,51.86
41394-1,74.37
41395-1,86.75
41396-1,11.84
41397-1,26.95
41410-1,11.87
41411-1,12.19
41412-1,21.08
41413-1,11.87
41421-1,24.42
41422-1,46.18
41423-1,44.73
41424-1,99.13
41425-1,11.84
41426-1,24.42
41427-1,48.62
41428-1,61.98
41429-1,95.19
41431-1,64.67
41433-1,116.74
41439-1,11.66
41443-1,18.09
41448-1,61.41
41449-1,87.65
41451-1,6.84
41452-1,8.62
41453-1,22.47
41454-1,31.12
41455-1,71.85
41456-1,56.5
41485-1,20.0
41486-1,75.61
41487-1,56.92
41488-1,23.32
41501-1,8.88
41502-1,12.22
41504-1,15.42
41505-1,6.87
41507-1,47.7
41509-1,15.69
41510-1,12.35
41512-1,15.69
6061033,10.0
41514-1,10.0
41515-1,11.37
41517-1,12.52
41518-1,10.09
41519-1,12.55
41520-1,6.34
41521-1,6.73
41522-1,12.55
41523-1,12.55
41524-1,11.11
41525-1,7.07
41526-1,6.49
41527-1,7.77
41528-1,4.63
41529-1,7.33
41530-1,17.44
6102024,5.52
41532-1,28.42
41533-1,15.54
41534-1,6.17
41535-1,8.25
41536-1,10.8
41537-1,6.14
41538-1,6.23
41539-1,6.17
41540-1,15.35
41541-1,14.51
41542-1,8.26
41543-1,12.55
41544-1,14.51
41545-1,9.66
41546-1,7.1
41547-1,7.84
41548-1,15.59
41549-1,9.06
41550-1,12.46
41551-1,32.88
41552-1,10.93
41553-1,9.93
41554-1,8.25
41555-1,7.58
41556-1,8.73
41557-1,12.11
41558-1,10.37
41559-1,8.21
41560-1,12.56
41562-1,6.84
41563-1,7.95
41564-1,9.94
41565-1,13.89
41567-1,20.74
41569-1,10.37
41570-1,12.04
41571-1,13.89
41573-1,19.15
41575-1,16.59
41576-1,22.83
41578-1,15.0
41585-1,23.78
41586-1,15.0
41587-1,15.57
41588-1,30.85
41589-1,60.53
41590-1,41.31
41591-1,8.88
41592-1,30.86
41593-1,27.92
41594-1,10.0
41595-1,29.69
41596-1,15.0
41597-1,100.27
6208580,20.0
41599-1,21.6
41600-1,20.0
41601-1,11.53
41602-1,10.82
41603-1,21.6
41604-1,38.58
41605-1,34.07
41606-1,23.15
41607-1,21.6
41608-1,12.93
41609-1,29.51
41616-1,38.58
41617-1,30.85
41619-1,38.36
41620-1,38.36
41624-1,70.0
41625-1,91.05
979272,3.37
41628-1,15.51
41629-1,57.74
41634-1,229.93
41635-1,229.93
41636-1,229.93
41637-1,202.59
4164,29.24
4165-1,54.01
4166,66.28
41662-1,11.66
41663-1,11.66
41664-1,11.66
6333186,11.66
41666-1,11.66
4167-1,131.17
4182-1,68.79
4183-1,90.0
41900-1,6.79
41901-1,6.79
41902-1,6.79
41903-1,6.79
41906-1,24.47
41908-1,4.52
41912-1,6.79
41914-1,24.47
41916-1,4.52
41917-1,6.94
41919-1,6.79
4192-1,86.4
41921-1,4.64
6333102,24.15
41925-1,18.13
41926-1,30.21
4193-1,93.36
4194-1,242.17
4195-1,290.4
42000-1,99.68
42001-1,10.72
42002-1,12.97
42004-1,40.45
42005-1,41.09
42006-1,100.4
42007-1,55.34
42008-1,385.79
42009-1,337.31
42010-1,19.67
42011-1,11.57
42020-1,6.89
4202-1,27.78
42021-1,11.57
42022-1,72.65
42023-1,105.08
42024-1,190.31
42025-1,136.56
42026-1,18.44
42027-1,18.54
42028-1,61.79
4203-1,30.09
42031-1,10.8
42032-1,48.22
42033-1,20.0
42034-1,49.38
42036-1,72.65
42037-1,131.17
42038-1,92.51
42039-1,152.77
42040-1,61.73
4204-1,169.75
42041-1,154.32
6100204,291.2
42043-1,389.21
42044-1,14.63
42045-1,20.74
42046-1,51.81
42047-1,21.6
42048-1,47.76
42049-1,82.63
42050-1,54.56
42052-1,208.1
42053-1,180.0
42054-1,253.75
42055-1,374.52
42056-1,510.29
42057-1,12.99
42058-1,12.45
42059-1,18.52
42061-1,70.82
4206-2,40.89
42062-1,84.87
42063-1,97.22
42064-1,265.58
42065-1,151.23
42066-1,169.59
42068-1,151.23
42069-1,181.63
42070-1,360.0
42071-1,16.9
42072-1,28.87
42073-1,27.01
42074-1,61.71
42075-1,61.71
42076-1,86.4
42077-1,112.44
42078-1,260.79
42079-1,128.6
42081-1,129.23
42082-1,250.82
42083-1,431.42
42084-1,9.26
42088-1,13.73
42089-1,20.06
42090-1,15.28
4209-1,38.07
42091-1,15.28
42092-1,37.27
42093-1,49.23
42094-1,110.93
42095-1,115.72
42096-1,155.68
42097-1,123.94
42098-1,180.92
42099-1,249.84
42101-1,15.42
42102-1,11.87
42103-1,24.1
6288769,30.85
42105-1,61.71
42107-1,65.58
42108-1,189.13
42109-1,123.45
42110-1,231.0
42111-1,146.6
42113-1,516.92
42114-1,241.06
42115-1,498.29
42116-1,11.87
42117-1,11.87
42118-1,24.1
42119-1,24.1
42122-1,62.98
42123-1,63.12
42124-1,171.0
4310-1,2.7
43170-1,20.76
43173-1,13.73
43174-1,25.0
43175-1,24.47
43176-1,24.47
43178-1,51.47
43180-1,62.98
6296366,70.69
43183-1,66.27
43186-1,15.68
43187-1,76.73
43188-1,49.23
43191-1,36.16
43192-1,49.67
435-1,61.71
44001-1,13.73
44002-1,11.36
44003-1,10.8
44004-1,12.35
44005-1,13.21
44006-1,15.43
44007-1,14.7
44010-1,22.0
4401-1,20.06
44011-1,20.0
44014-1,60.18
44015-1,31.12
44018-1,13.78
4402-1,60.95
44023-1,19.98
44024-1,16.9
44025-1,14.52
4408-1,17.77
4415-1,7.26
4416-1,8.3
442-1,17.75
4427-1,5.19
4429-1,45.52
4431-1,50.76
4432-1,29.29
4433-1,23.07
4435-1,23.09
4436-1,4.32
4437-1,4.57
4440-1,20.68
4441-1,17.3
4475-1,112.44
4476-1,98.51
4477-1,35.0
4479-1,171.25
4480-1,171.25
4482-1,615.72
45025-1,293.05
4505-1,9.26
4507-1,72.6
4511-1,615.72
4512-1,288.18
4513-1,245.36
4514-1,52.08
4515-1,79.94
4519,61.65
4525-1,38.5
4526-1,15.43
4527-1,15.34
4528-1,34.26
4529-1,617.26
4530-1,12.86
45304-1,33.8
45305-1,36.88
4531,69.44
4532,69.44
4533,33.56
4536-1,62.5
4537-1,384.25
4541,152.77
4543-1,54.78
4544,209.29
4546-1,212.75
4548,82.37
45500-1,124.55
45501-1,119.26
45502-1,42.23
45503-1,54.11
45504-1,54.39
45505-1,42.63
45506-1,43.25
45507-1,17.01
6039922,60.03
45509-1,48.43
4551,1155.83
4552,87.96
4553,80.96
4554-1,694.42
4555,185.16
4557,60.95
4558-1,461.79
4559,288.18
4560,290.69
45601-1,411.87
45602-1,68.1
45603-1,66.6
45604-1,68.1
45606-1,52.97
45610-1,98.61
4563-1,192.9
4564-1,1047.8
4565,770.04
4566,1.54
4567-1,3.09
45678-1,650.61
4571,1.54
45802-1,308.63
4582-1,5.94
4584-1,7.72
4586-1,38.58
4588-1,69.44
4590-1,5.19
4592-1,13.87
4597-1,21.62
4600-1,29.32
4601-1,10.0
4605-1,31.53
4608-1,15.43
4611-1,66.34
4612-1,10.0
4616-1,15.42
4617-1,9.0
4618-1,73.92
4628-1,57.1
4631-1,48.76
4642-1,11.57
4643-1,16.97
4652-1,9.26
4654-1,77.14
4655-1,54.0
4657-1,139.93
4659602,3.47
4664-1,77.14
4680-1,13.12
4692-1,6.04
4693-1,16.9
4701-1,23.15
4702-1,25.37
4705-1,54.01
4706-1,70.99
4707-1,54.01
4708-1,77.16
4709-1,108.02
4711-1,10.8
4712-1,33.19
4714-1,64.71
471701,4.98
471801-1,3.38
471905-1,3.71
471906-1,4.24
4719-1,30.86
4720-1,92.59
4723-1,20.0
4726-1,23.15
4727-1,27.78
4728-1,83.33
4729-1,98.76
4731-1,18.52
4733-1,37.04
4735-1,27.28
4736-1,52.5
4737-1,43.25
4738-1,31.28
4744-1,21.63
4746-1,50.76
4748-1,185.18
4750-1,63.4
4752-1,101.51
4753-1,123.45
4754-1,84.87
4755-1,86.42
4756-1,255.56
4757-1,308.62
4758-1,185.18
4762-1,350.21
4766-1,154.3
4767-1,229.93
4768-1,362.64
4790-1,6.18
4791-1,20.0
4792-1,16.13
4794-1,50.0
4795-1,63.44
4797-1,11.24
4798-1,12.33
4799-1,12.27
480-1,19.29
4806-1,11.97
4811-1,19.54
4817,62.81
4818-1,26.23
4837-1,9.26
4838-1,3.86
4840-1,117.33
4841-1,126.89
4842-1,108.01
4850-1,85.27
485-1,16.81
4853-1,54.32
4854-1,139.58
4865-1,38.05
4866-1,262.66
4867-1,87.12
4868-1,7.64
4869-1,16.48
4878-1,6.17
4882-1,18.52
4883-1,30.9
4886-1,100.31
489-1,115.74
4892-1,183.64
4894-1,67.25
4895-1,102.78
4896-1,101.51
4900-1,4.44
490-1,15.43
4912-1,30.0
4918-1,2.54
4939-1,13.89
494-1,15.43
4956-1,172.98
4957-1,151.23
4958-1,158.61
4962-1,27.76
4963-1,27.01
4969-1,11.57
497-1,279.16
4971-1,50.91
4977-1,38.58
4981-1,51.41
4982-1,211.9
4991-1,8.56
4992-1,4.32
4995-1,14.66
4996-1,50.15
5000062,34.23
5000063,51.81
5000202,17.3
5001621,10.0
5001623,14.0
5001709,30.0
5002045-1,15.23
5002113-1,4.44
5002122-1,17.25
5002123-1,152.27
5002125-1,10.15
5002126-1,13.87
5002127-1,6.0
5002130-1,25.38
5002145-1,20.15
5002203-1,11.16
5002204-1,8.5
5002928-1,3.08
5002938-1,7.72
5002941-1,1.27
5002943-1,12.05
5002946-1,154.31
5002947-1,24.74
5002948-1,6.28
5003084-1,19.03
5003085-1,14.95
5004081-1,18.82
5004406-1,3.81
5004408-1,3.95
6153660,19.42
5004420-1,15.87
5004549-1,138.88
5004590-1,441.57
5004916-1,3.89
5004920-1,11.74
5004928-1,3.23
5004929-1,10.14
5004934-1,10.26
5004936-1,6.28
5005156-1,4.43
5005230-1,4.46
5005231-1,8.57
5005233-1,8.63
5005236-1,9.09
5005237-1,8.98
5005238-1,13.62
5005239-1,9.73
5005250-1,6.34
5005251-1,12.68
5005358-1,27.92
5006085-1,27.5
5006-1,5.71
6346098-1,120.0
5030-1,15.28
5071-1,53.93
5077-1,50.92
5106-1,44.75
51515-1,454.39
5190-1,13.82
5257-1,20.06
540-2,7.72
5521-1,27.78
5524-1,149.73
5526-1,587.49
554-1,25.38
5541-1,337.95
5545-1,66.74
5550-1,62.5
5560-1,30.79
5563,615.72
5571,1851.79
5580-1,117.28
5585-1,25.0
5591-1,770.04
5600,54.01
5610-1,15.43
5612-1,6.93
5613-1,7.7
5614-1,15.42
561512-1,4.49
561605-1,3.48
561606-1,3.96
561607-1,3.87
561611-1,5.14
561703-1,3.62
561704-1,3.51
561705-1,4.82
561706-1,5.41
561801-1,3.3
561802-1,3.97
561803-1,4.44
561804-1,2.91
561805-1,4.31
561806-1,6.81
561807-1,7.55
561809-1,5.54
561811-1,3.96
561908-1,5.34
561909-1,5.09
562004-1,5.08
562009-1,5.69
5620-1,8.56
5621-1,3.47
5626-1,13.23
5632-1,11.57
5645-1,13.1
5650-1,20.51
5657-1,30.86
5678-1,11.57
5685-1,11.57
5748-1,74.23
5761-1,4.93
5762-1,5.4
5763-1,4.32
5764-1,13.53
5765-1,15.0
5766-1,50.73
5770-1,76.11
5771-1,95.14
5793-1,11.57
5811,23.13
5813-1,27.01
5817-1,46.29
5819-1,61.73
5832-1,1.9
5838-1,69.24
5850-1,92.36
5861-1,60.82
5864-1,1.73
5865-1,1.73
5866-1,13.78
5867-1,20.77
5870,76.21
588-1,76.98
5882-1,10.79
5883-1,25.2
5884-1,26.17
5885-1,154.07
5886-1,74.0
5887-1,200.14
5888-1,56.99
5890-1,121.93
5891-1,70.97
5892-1,41.19
5901,30.29
5903-1,17.31
5906,44.65
5911-1,6.16
5919-1,86.55
5928-1,21.64
5934,24.7
5936,41.92
5938-1,31.16
5940-1,146.9
5942-1,46.11
5955-1,50.0
5956,269.44
5961-1,142.28
5963-1,101.12
5969-1,7.38
5970-1,23.09
5971-1,25.39
5973-1,139.72
5974-1,132.79
5978-1,161.66
5981-1,23.09
5982-1,34.43
5984-1,162.6
5994-1,5.0
5998-1,6.0
5999-1,6.97
60000-1,3.49
60002-1,19.03
60004-1,92.38
60006-1,3.64
60007-1,15.4
60009-1,43.28
600-1,10.78
60011-1,5.18
60013-1,25.65
60014-1,58.46
60015-1,50.0
60016-1,28.81
60017-1,15.4
60018-1,38.49
60019-1,13.09
60020-1,35.33
60021-1,69.28
6024977,127.03
6025046,46.19
60026-1,152.44
60027-1,53.87
60032-1,6.0
60033-1,12.0
60034-1,29.57
6059166,53.89
60036-1,198.61
6004-1,25.25
60041-1,6.21
60042-1,20.49
60043-1,26.94
60044-1,19.25
60045-1,73.13
60046-1,69.28
60047-1,130.87
60048-1,34.43
60049-1,30.79
60050-1,207.24
60051-1,264.51
60052-1,24.07
60053-1,8.47
60054-1,15.0
60055-1,9.17
6059062,19.25
60059-1,117.01
60060-1,41.45
60061-1,70.0
60064-1,130.1
60065-1,7.7
60067-1,40.0
60068-1,85.68
60069-1,146.8
60070-1,44.65
60073-1,61.58
60074-1,46.17
60078-1,25.97
60079-1,38.95
60081-1,23.23
60082-1,34.95
60083-1,36.18
60084-1,13.86
60085-1,28.58
60090-1,5.72
6009-1,18.48
60092-1,83.14
60093-1,60.02
6100335,250.42
60096-1,251.01
60097-1,254.05
60098-1,384.91
6010-1,23.09
60101-1,26.56
60102-1,107.77
60103-1,34.13
60104-1,340.94
60105-1,5.72
60107-1,31.16
60108-1,32.0
60109-1,137.03
60110-1,184.76
6011-1,15.24
60113-1,8.66
60114-1,10.0
60115-1,17.31
60116-1,50.87
60119-1,60.05
601-2,21.56
6012-1,18.32
60121-1,12.09
60122-1,50.81
60123-1,53.81
60124-1,195.53
60125-1,260.2
60126-1,10.76
60128-1,23.09
60130-1,115.47
6013-1,13.51
60131-1,45.87
60132-1,129.87
60134-1,55.41
60135-1,16.45
60137-1,29.15
60138-1,30.13
60139-1,35.41
60140-1,154.89
60141-1,220.0
60144-1,10.0
60145-1,8.63
60146-1,8.38
60147-1,32.13
60148-1,15.4
60149-1,22.0
60150-1,21.56
60151-1,27.71
60153-1,47.03
60154-1,153.95
60156-1,6.92
60158-1,24.62
60159-1,63.52
60160-1,70.54
601601-1,4.62
601602-1,5.08
6016-1,171.38
60161-1,189.63
60164-1,20.79
60166-1,69.8
60167-1,172.7
60171-1,10.15
60172-1,35.63
60173-1,84.68
60174-1,153.96
60175-1,90.84
60176-1,16.5
6208862,10.01
60178-1,11.43
60179-1,27.95
60180-1,26.94
60181-1,33.87
60183-1,50.75
60184-1,9.24
60185-1,13.97
60186-1,75.44
60188-1,138.16
60190-1,4.14
60191-1,13.09
60192-1,33.03
60193-1,44.97
60194-1,53.12
60195-1,137.03
60196-1,86.99
60197-1,38.43
60198-1,38.43
60200-1,275.59
6020-1,18.53
60202-1,67.74
60203-1,92.36
60204-1,153.96
60205-1,30.01
60212-1,12.16
60213-1,17.71
60214-1,34.62
60215-1,44.65
60216-1,183.03
60217-1,38.2
60218-1,11.43
60219-1,11.25
602-2,26.94
60220-1,23.08
6022-1,23.09
60221-1,22.87
60222-1,17.37
60223-1,34.62
60224-1,13.7
60225-1,27.47
60227-1,62.0
6251726,121.16
60230-1,76.97
6023-1,30.79
60231-1,23.09
60233-1,92.36
60234-1,38.0
60238-1,22.18
60239-1,11.55
60240-1,18.48
60241-1,11.66
60242-1,22.94
60243-1,33.26
60244-1,54.13
60245-1,50.81
60246-1,124.71
60247-1,11.66
60248-1,23.32
60249-1,11.37
60250-1,10.16
60251-1,13.96
60252-1,19.86
60253-1,23.32
60254-1,35.26
60255-1,16.77
60256-1,33.21
60257-1,59.89
60258-1,116.94
60260-1,35.55
60261-1,60.12
60262-1,127.59
60263-1,11.66
60264-1,34.64
60265-1,72.16
60266-1,211.62
60267-1,36.83
60270-1,80.83
6027,21.48
60271-1,289.64
60272-1,27.95
60273-1,27.95
60274-1,27.95
60275-1,11.72
60276-1,23.32
60279-1,11.72
60280-1,23.32
60281-1,35.64
6332422,60.63
60290-1,35.64
60291-1,59.89
60292-1,124.42
60304-1,23.32
6033,19.06
6034-1,38.49
6036-1,30.0
6037-1,30.29
6039-1,460.35
6041-1,104.1
604-2,19.25
6042-1,95.26
6045-1,38.47
6047,51.93
6048-1,165.14
6049-1,337.18
605-2,152.42
6054-1,115.47
6056-1,54.06
6059-1,614.31
6066-1,192.45
6067-1,200.15
607-1,8.47
6071-1,381.09
6074-1,238.64
6075-1,177.06
6075-2,254.07
6077-1,46.19
6078-1,1.53
6080-1,200.15
6081-1,401.01
608-2,6.08
6082-1,138.57
6085-1,230.94
6086-1,540.59
6087-1,537.33
6089-1,130.87
6090-1,461.89
609-1,31.75
6097,225.04
6098,230.94
610-1,14.63
6102-1,92.38
6103-1,171.38
6105-1,61.57
6110-1,6.54
611-1,3.08
6115-1,6.18
612-1,6.93
6125,8.0
6128-1,12.15
6131-1,34.62
6132-1,53.89
6134-1,61.58
6135-1,16.64
614-1,6.54
6144-1,38.49
6145-1,15.4
6160-1,229.4
6166-1,12.7
6167-1,61.58
617-1,23.09
6175,112.52
618-1,10.7
6190-1,194.75
6195,182.05
6198,146.27
6202-1,15.45
6203-1,37.74
6205-1,38.49
6206-1,107.98
6207-1,19.06
6208-1,77.9
6210-1,254.07
621-2,64.66
6212-1,122.95
6216-1,9.24
6217-1,11.56
6218-1,18.48
6221-1,9.93
6222-1,24.63
6223-1,21.62
6227-1,18.48
6228-1,46.17
6229-1,10.1
6230-1,134.87
623-2,18.48
6232,18.46
6234-1,9.24
6235-1,15.38
6236-1,61.58
6239-1,29.85
6240-1,29.51
6241-1,57.15
6242-1,115.26
6243-1,269.36
6244-1,61.58
6245-1,13.85
6246-1,29.85
6247-1,45.73
6248-1,33.11
6251-1,29.18
6253-1,124.26
6256-1,60.59
6257-1,25.1
6258-1,51.45
6260-1,37.05
6261-1,46.19
6262-1,88.92
6263,142.8
6266-1,74.32
6267-1,169.21
6270-1,119.51
6271-1,369.36
6277-1,269.44
6278-1,307.91
6279,361.81
6282-1,12.3
6285-1,423.4
6286-1,849.51
6289-1,307.93
629,23.02
6291-1,691.29
6292-1,255.42
6293-1,15.32
6305-1,15.38
6308-1,13.78
6313092-1,15.12
6314-1,60.05
6316-1,47.49
6317-1,23.02
6324-1,2.54
633,26.16
6332,76.17
6333-1,6.35
6334-1,152.42
6336-1,33.87
6337,115.47
6339-1,123.17
634,23.02
6341-1,15.32
6342-1,21.56
6344-1,20.01
6346-1,38.49
6348-1,34.64
6350-1,53.89
635-1,23.02
6351-1,23.09
6352-1,23.09
6353-1,38.49
6354-1,19.4
6355-1,38.49
6356-1,15.4
6357-1,12.32
6358-1,11.55
6359-1,30.79
6361-1,14.63
6364-1,30.72
6365-1,69.28
6368-1,14.63
6374-1,104.7
6375-1,19.25
6378-1,90.84
6380-1,614.31
6381-1,29.25
6382-1,78.77
6384-1,68.51
6386-1,61.58
6389-1,53.89
6390-1,190.55
6393-1,323.32
6395-1,169.36
6396-1,107.77
6397-1,139.74
6398-1,79.35
6400-1,3.08
6401-1,15.45
640-2,11.55
6403-1,29.98
6404-1,115.47
6407-1,4.62
6409-1,224.08
641-1,21.56
6415,4.27
6416-1,210.01
6418,176.98
6419-1,254.07
6420-1,20.01
642-2,5.39
6422,9.24
6423,4.14
6424,9.62
6425,4.62
6426,30.79
6429-1,13.09
6430-1,23.09
643-2,11.16
6432,28.81
6434,13.86
6436,7.68
6437,5.0
6439,18.46
6442-1,33.87
6445,11.93
6446,7.7
6447,10.01
6450-1,20.01
6452,7.0
6453-1,7.7
6455,50.0
6456-1,112.52
6458,12.32
6459-1,15.4
6461,6.16
646-2,137.03
6462,40.0
6463-1,6.16
6465,7.7
6467,8.89
6470-1,15.38
6471,5.08
6473,51.93
6480-1,29.25
6481-1,38.49
6482-1,46.19
6483,342.99
6484-1,92.22
649-1,30.02
6491,4.6
6493,61.58
6495,13.09
6496,53.89
6498-1,3.87
650-1,38.1
6501-1,4.62
6502-1,6.54
6503-1,3.08
6504-1,6.16
6505-1,3.08
6506-1,3.08
6507-1,3.08
6508-1,3.08
6509-1,7.7
6510-1,4.14
6511-1,6.08
6512-1,5.39
6513-1,5.85
6515-1,10.0
6516-1,6.93
6517,5.39
6518-1,4.6
65182-1,229.4
6519,6.93
6520-1,82.57
6521-1,4.62
652-1,8.47
6522-1,3.08
6523-1,3.08
6524-1,3.08
6525,10.78
6526-1,3.08
6527-1,4.62
6528-1,3.08
6530-1,3.08
653-1,10.87
6531-1,7.62
6532-1,8.47
6534,7.68
6535,6.93
6536-1,6.14
6537,4.3
6539-1,66.2
6540-1,127.03
6541-1,161.66
6543,768.28
6544,106.23
6545-1,19.25
6546-1,15.0
6550-1,6.14
6551-1,43.11
6553-1,25.41
6555-1,13.86
6556,9.99
6557-1,383.37
6558-1,43.19
6559-1,192.45
6560,207.85
656-1,15.32
6561-1,57.68
6563,23.09
6564,10.16
6565-1,10.01
6566,23.09
6567,7.0
6571-1,69.28
6572-1,5.85
6573,30.79
6575-1,85.11
6579-1,7.62
6580-1,75.44
6581-1,14.63
6582-1,38.11
6586,10.78
6590-1,19.25
6592-1,26.94
6593-1,45.03
6600,150.11
6601-1,10.21
6603-1,3.08
6605-1,3.08
6607-1,5.39
6608-1,5.39
6609-1,3.85
661-1,13.78
6611-1,7.62
6612-1,152.42
6613-1,10.01
6614,17.71
6615,16.17
6617-1,58.46
6618,17.29
6621-1,12.32
6622-1,3.08
6623-1,15.4
6624-1,9.24
6628-1,18.46
6630-1,5.39
6631-1,4.62
6632-1,3.08
66330-1,337.18
6634-1,13.67
6639-1,10.01
6641-1,6.93
6642-1,4.62
6644-1,6.16
6645-1,11.55
6646-1,3.08
6647-1,14.63
6648-1,4.62
6648-2,12.7
6649-1,10.39
6650-1,7.7
6652-1,3.08
6654-1,6.16
66543-1,57.17
6656-1,4.62
6657-1,10.01
6658-1,4.62
6659-1,4.62
66596-1,63.39
6661-1,4.62
6662-1,15.32
66635-1,45.0
6664-1,11.55
66643-1,48.45
66648-1,62.19
66650-1,62.19
6665-1,10.01
66651-1,62.19
6666-1,18.46
6667-1,18.4
6668-1,7.7
6669-1,9.24
6670-1,7.7
6671-1,13.86
6672-1,10.76
6673-1,14.63
6674-1,10.78
6676-1,6.16
6678-1,14.63
6679-2,19.06
6680-1,14.63
6681-1,10.01
6682-1,7.7
6684-1,9.24
6685-1,13.09
6686-1,9.24
6687-1,6.16
6688-1,20.01
6689-1,30.79
6690-1,21.6
6691-1,10.78
6693-1,13.86
6694-1,10.78
6697-1,14.63
6698-1,9.24
6699-1,61.58
6701-1,230.94
6703-1,61.58
6705-1,152.42
6709-1,86.55
6713-1,41.05
6714,10.76
6718-1,44.46
6719-1,35.41
6720-1,50.81
6722-1,18.09
6733-1,6.16
6735-1,10.76
6736-1,53.89
6740-1,55.89
6741-1,3.03
6742-1,10.76
6743-1,5.19
6746,254.07
6747-1,23.09
675-1,18.4
6751-1,45.42
6754-1,246.34
6755,76.21
6761-1,169.9
6762-1,384.91
6763-1,230.94
6765-1,130.1
6766,230.94
6769-1,349.34
6770-1,61.58
6771,6.18
6773,15.45
6774-1,21.48
6780-1,154.46
6781-1,115.47
6783-1,146.27
6785-1,61.51
6800,15.32
6801-1,4.62
6803-1,12.32
6804-1,8.47
6805-1,10.78
6806-1,10.78
6808-1,15.4
6809-1,15.4
6810-1,7.7
6811-1,9.24
6812-1,23.09
6813-1,12.36
6814-1,9.24
6815-1,5.39
6817-1,35.44
6818-1,10.0
682-1,23.02
6821-1,9.08
6822-1,10.01
6823-1,12.32
6824-1,23.09
6826-1,19.54
6827-1,7.7
6828-1,28.58
6829,8.89
683-1,460.35
6831-1,9.24
6832-1,15.4
6833-1,23.09
6834-1,12.17
6835-1,10.01
6836-1,9.24
6837,22.87
6841-1,9.24
6846-1,15.4
6847-1,16.94
6849-1,15.4
6850-1,10.7
6851-1,38.49
6852-1,23.09
6854-1,38.49
6856-1,11.87
6857-1,114.33
6858-1,4.45
6860-1,69.87
6861-2,184.76
6863-1,57.49
6864-1,69.24
6865-1,44.46
6866-1,127.03
6867-1,63.52
6868-1,54.1
6869-1,31.76
6870-1,9.08
6871-1,24.63
6873-1,44.26
6875-1,26.17
6876-1,26.17
6877-1,13.86
6878-1,30.79
6879-1,20.01
6880-1,27.71
6881-1,18.48
6882-1,46.19
6884-1,46.19
6886-1,50.79
6887-1,37.72
6889-1,35.41
6890-1,35.41
6891-1,86.6
6892-1,53.59
6894-1,76.98
6895-1,53.89
6896-1,46.03
6897-1,52.35
6898-1,42.78
6899,40.36
6907-1,43.28
6910-1,4.54
6911-1,3.46
6912-1,4.62
6913-1,4.33
6914-1,10.39
6915,72.36
692-1,18.48
6921-1,230.94
6925-1,86.6
6927-1,80.03
6929-1,53.89
6930-1,69.28
6931-1,85.65
6932-1,107.76
6933-1,103.0
6938-1,53.99
6939-1,92.38
6940-1,143.17
6941-1,100.08
6942,9.24
6944-1,9.51
6949,92.38
695-1,17.52
6953-1,153.96
6954-1,166.64
6955-1,461.89
6956-1,190.55
6957-1,115.47
6958,246.34
6959,130.79
6969,56.97
6970-1,153.96
6971-1,230.94
6973-1,152.42
6975,92.38
6977,300.23
6979-1,152.42
6980-1,184.76
6981-1,108.19
6982,115.47
6983-1,254.07
6984-1,292.53
6985-1,401.58
6986-1,461.89
6987-1,461.89
6987-1,461.89
6989-1,357.95
6990-1,937.51
6024405,10.01
7000-1,9.16
6024407,19.25
70002-1,11.55
6024411,18.74
70004-1,11.55
70006-1,76.21
70008-1,35.0
6024458,60.82
70010-1,130.87
7001-1,9.62
70012-2,38.11
70013-1,37.72
7002-1,10.7
7003-1,7.0
7009-1,30.72
70100-1,6.93
70101-1,13.72
70102-1,6.65
70103-1,5.18
70104-1,10.01
70105-1,11.55
6024579,6.35
70107-1,6.16
70109-1,4.63
70110-1,6.16
70111-1,19.44
70112-1,16.37
70113-1,10.39
70114-1,25.39
70123-1,12.98
70125-1,23.09
70126-1,12.1
6061792,15.45
70128-1,12.7
70129-1,25.0
70131-1,26.26
70132-1,53.89
70133-1,69.28
70136-1,12.24
6061714,18.94
70139-1,24.63
70142-1,18.48
70143-1,38.1
70145-1,77.96
70146-1,170.87
70147-1,188.01
70149-1,13.72
70150-1,9.53
7015-1,42.34
70151-1,9.53
70155-1,9.0
70156-1,7.77
70160-1,11.68
7016-1,183.22
70161-1,15.58
70162-1,38.49
70163-1,45.0
70164-1,41.92
70165-1,115.47
70166-1,15.4
70168-1,53.81
70169-1,53.89
6100984,84.68
7017-1,100.08
70172-1,113.83
7018-1,231.68
7019-1,323.25
70200-1,10.16
7020-1,284.55
70201-1,10.1
70202-1,9.51
70203-1,11.37
70204-1,12.64
70205-1,20.0
70209-1,25.5
70210-1,16.85
70221-1,66.13
70224-1,113.06
70225-1,49.27
70226-1,69.28
70227-1,248.77
70228-1,112.52
6099901,50.8
70231-1,50.8
7030-1,9.16
70310-1,12.3
70311-1,4.14
70312-1,17.18
70313-1,23.02
70314-1,23.17
70317-1,120.0
70318-1,5.96
70319-1,16.32
70320-1,23.17
70321-1,75.44
70322-1,107.76
70323-1,127.02
70325-1,7.68
70326-1,76.22
70331-1,13.84
70332-1,10.27
70333-1,10.83
70334-1,8.43
70335-1,9.01
70336-1,9.17
70338-1,10.76
70339-1,7.69
70347-1,12.98
7035-1,80.77
70351-1,73.48
70352-1,155.43
70353-1,12.3
70354-1,95.28
70355-1,38.47
70356-1,229.4
70358-1,23.08
70359-1,15.38
7036-1,137.01
70363-1,12.0
70364-1,30.78
70366-1,9.27
7037-1,30.78
70372-1,1.32
70373-1,2.31
7038-1,36.95
70400-1,50.8
7040-1,135.49
70403-1,115.75
70412-1,86.09
70413-1,285.83
70418-1,23.09
70419-1,30.0
6250494,30.79
70421-1,60.0
6250499,57.15
70423-1,69.86
70424-1,100.08
70425-1,136.52
6288870,27.0
70428-1,18.0
70429-1,25.0
70430-1,37.18
7043-1,16.17
70431-1,94.99
70432-1,55.0
70433-1,31.4
70434-1,49.94
70435-1,65.62
70436-1,86.74
70437-1,210.51
7044-1,43.29
7045-1,40.02
7047-1,76.97
7048-1,207.85
7049-1,8.0
70500-1,15.0
7050-1,10.64
70502-1,23.09
70505-1,57.02
7051-1,30.0
70588-1,29.78
70590-1,84.66
70591-1,24.24
70592-1,41.39
70593-1,107.77
70594-1,150.0
70596-1,209.68
70599-1,14.49
70600-1,30.89
70601-1,23.02
70602-1,82.78
70603-1,62.53
70606-1,10.0
70608-1,44.65
70609-1,46.17
70610-1,48.85
70612-1,106.23
70613-1,84.68
70614-1,88.17
70615-1,76.98
70617-1,181.68
70618-1,306.39
6136324,894.48
70621-1,17.77
70625-1,72.36
70626-1,192.45
70627-1,267.69
70629-1,23.17
70631-1,103.62
70632-1,146.25
6212712,10.7
70634-1,11.43
70635-1,17.29
70636-1,11.76
70637-1,13.79
70638-1,26.9
70640-1,72.35
70643-1,285.83
6212737,9.21
70646-1,25.64
70647-1,23.46
70648-1,19.49
70650-1,31.87
70651-1,38.49
70652-1,56.73
70653-1,22.23
70654-1,30.78
70655-1,61.57
70656-1,176.35
70657-1,461.87
70660-1,13.84
7066-1,190.55
70662-1,10.78
70664-1,41.34
70665-1,15.38
70666-1,28.58
70668-1,44.26
70669-1,114.33
70670-1,130.85
7067-1,44.26
70671-1,18.31
70672-1,24.12
70673-1,38.47
70674-1,57.96
70675-1,58.0
70676-1,107.76
70677-1,193.99
70678-1,129.0
70679-1,183.22
70680-1,11.25
70681-1,12.22
70682-1,13.84
70683-1,17.1
70684-1,29.43
6288894,12.21
70686-1,12.21
70687-1,12.21
70700-1,14.75
7070-1,9.15
70701-1,21.0
70702-1,20.34
70704-1,90.87
70705-1,92.38
70706-1,38.27
70707-1,101.63
70708-1,82.57
70709-1,101.63
6060908,20.0
7072-1,65.78
70721-1,114.32
70722-1,25.0
70723-1,55.0
70727-1,71.14
70728-1,382.72
70734-1,62.09
70735-1,46.19
70736-1,207.24
70738-1,200.0
70739-1,12.98
70741-1,20.0
70742-1,12.55
70744-1,20.0
6099857,30.0
70746-1,60.59
70748-1,46.19
70749-1,70.82
70750-1,123.17
7075-1,306.39
70751-1,447.24
70752-1,22.32
70753-1,50.8
70754-1,23.09
70755-1,24.37
70778-1,20.26
70779-1,18.53
70780-1,12.06
7078-1,46.19
70781-1,19.83
70782-1,17.72
70783-1,13.91
70784-1,36.27
70785-1,28.87
70786-1,34.3
70787-1,27.88
70788-1,31.76
70789-1,21.56
7079-1,152.46
70791-1,35.18
70792-1,18.64
70793-1,15.18
70794-1,13.91
7080-1,13.84
70801-1,15.24
70802-1,21.25
70803-1,22.0
70804-1,46.17
70805-1,26.56
70806-1,25.0
70807-1,80.0
70808-1,38.11
70809-1,22.32
70810-1,280.11
70811-1,46.88
70812-1,47.71
6061155,107.98
70820-1,35.42
7082-1,20.0
70821-1,17.79
70822-1,7.7
70823-1,12.06
70824-1,8.0
70825-1,32.87
70826-1,25.39
70828-1,75.0
70829-1,58.37
70830-1,88.86
70832-1,35.0
70833-1,31.1
70834-1,69.8
70835-1,30.78
70836-1,24.48
70838-1,86.54
70839-1,271.74
70840-1,733.99
70841-1,13.7
70842-1,35.89
70847-1,31.14
70848-1,31.75
70849-1,40.0
70900-1,14.63
7090-1,20.7
70901-1,38.1
70902-1,22.63
70903-1,36.57
70904-1,25.41
70905-1,91.61
70907-1,46.17
70908-1,93.9
70909-1,145.0
70910-1,31.69
70911-1,53.89
70912-1,307.82
70913-1,27.7
70914-1,69.28
70915-1,84.68
70916-1,107.77
70917-1,123.16
70918-1,38.05
70919-1,45.71
70920-1,38.11
7092-1,115.47
70921-1,31.76
6210225,734.77
70923-1,135.79
7093-1,130.04
7094-1,615.85
7097-1,224.79
71000-12,6.82
71000-15,15.56
71000-16,10.16
71000-8,7.88
71000-9,19.12
71001-1,19.91
71001-13,3.89
71001-14,15.13
71001-7,34.98
71001-9,6.92
71006-1,500.38
7101-1,50.0
7103-1,50.0
71040-1,499.65
7104-1,20.0
71042-1,365.74
6212630,523.16
71044-1,461.87
7106,69.28
7110-1,43.29
7111-1,25.41
7113-1,30.79
7116-1,9.93
71170-1,6.08
7117-1,10.12
7119-1,12.7
71201-1,76.97
71202-1,15.75
71209-1,18.14
7121-1,27.71
71212-1,6.35
6107322,7.62
71215-1,38.08
71216-1,12.47
71217-1,15.4
71218-1,8.59
71219-1,11.55
71220-1,7.7
71221-1,38.08
71222-1,15.0
71223-1,8.88
71227-1,8.5
71228-1,43.29
71230-1,30.79
71231-1,6.35
6133205,103.86
71234-1,22.23
71238-1,17.31
71240-1,11.08
7124,19.06
6133755,103.86
71245-1,76.97
71248-1,9.5
71257-1,6.04
7126-1,53.89
71266-1,18.11
7127,31.76
7128-1,34.62
71285-1,23.08
71300-1,43.96
7130-1,61.25
71301-1,51.05
71303-1,67.51
71306-1,61.78
71308-1,64.37
7131-1,22.32
71312-1,152.42
6164298,49.72
7134,19.04
71342-1,17.29
71344-1,29.54
71346-1,9.87
71349-1,46.17
7135-1,12.36
71360-1,65.43
6288929,19.08
7137-1,6.35
71371-1,11.84
71372-1,11.84
71373-1,11.84
71374-1,308.69
7138-1,11.58
6332709,11.84
71385-1,11.84
7139-1,41.57
7141,30.0
7143-1,45.0
7145-1,13.86
7146,53.89
7151-1,36.95
7155-1,207.85
7157-1,17.17
7158-1,38.11
7159,151.17
7161-1,76.98
7162-1,24.63
7164-1,13.5
7166,337.18
7167-1,8.15
7169-1,6.54
71699-1,92.38
71700-1,11.55
71701-1,32.0
71702-1,56.99
71703-1,36.07
71704-1,62.75
71705-1,165.85
71706-1,11.14
71707-1,20.0
71708-1,41.0
6288959,48.32
71710-1,49.56
7171,374.75
71711-1,61.97
71712-1,95.0
71714-1,11.47
71715-1,11.47
6288971,17.75
71717-1,30.07
71718-1,30.78
71719-1,61.97
71720-1,88.92
71721-1,99.12
71722-1,175.0
7173-1,6.93
71735-1,36.07
71736-1,49.56
71737-1,61.97
71738-1,76.55
71742-1,38.57
7177-1,6.93
7180-1,61.58
7186,299.7
7188-1,115.47
7189-1,436.99
7190-1,144.04
7194-1,400.0
7195-1,88.29
7196-1,69.86
7197-1,166.28
7198-1,146.27
7200-1,77.9
72001-1,38.47
72002-1,46.17
72003-1,60.05
72005-1,90.84
7201-1,86.54
7203-1,24.63
7206-1,17.32
7207-1,37.74
7208-1,52.08
7238-1,9.24
7239-1,4.56
7240-1,46.34
7241-1,4.62
7243-1,114.32
7246-1,4.62
7249-1,69.28
7250-1,17.31
7251-1,38.11
7252-1,27.71
7255-1,38.11
7257-1,139.74
7258-1,91.46
7262-1,83.61
7263-1,51.93
7264-1,380.84
7279-1,4.14
7285-1,6.65
7286-1,10.16
7287-1,20.79
7288-1,40.0
7291-1,26.1
7292-1,19.06
7294-1,60.59
7295-1,121.63
7296-1,33.87
7298-1,129.83
7305-1,6.16
7307-1,56.26
7308-1,17.43
7309-1,13.33
7310-1,7.21
7311,7.49
7313,19.25
7314,30.89
7315,35.41
7316,100.61
7317,123.17
7325-1,41.15
7327-1,337.56
7344-1,40.36
7345-1,15.28
7346-1,133.37
7409-1,15.4
7410-1,27.71
7411-1,23.09
7412-1,24.63
7413-1,44.65
7414-1,152.42
7416-1,53.89
7417-1,76.83
7418-1,131.64
7420-1,73.9
7423-1,17.54
7467-1,78.83
7473-1,63.52
7498-1,107.77
75000-1,24.18
75001-1,23.02
75002-1,23.02
75003-1,26.78
75004-1,84.68
75005-1,138.16
75012-1,263.12
75015-1,51.81
75017-1,246.34
75018-1,120.0
75019-1,181.34
75020-1,165.57
75021-1,259.06
75022-1,13.84
75023-1,51.07
75024-1,127.02
75025-1,414.16
75028-1,7.62
75029-1,19.28
75030-1,11.5
75031-1,20.54
75032-1,13.9
75034-1,17.01
75035-1,45.65
75036-1,60.45
75037-1,46.19
75038-1,29.36
75039-1,55.0
75040-1,41.57
75041-1,127.02
75042-1,92.2
6061128,63.5
6061130,92.38
75045-1,153.96
75046-1,86.55
75049-1,31.09
7505-1,3.45
75052-1,141.62
75053-1,259.06
75054-1,207.24
75055-1,198.61
75059-1,569.66
75060-1,468.69
75072-1,10.7
75073-1,20.55
75074-1,6.65
75075-1,11.99
75076-1,6.16
75077-1,21.0
75078-1,22.45
75079-1,29.09
75080-1,34.54
75081-1,20.72
75082-1,69.08
75083-1,152.42
75084-1,85.56
6100136,88.8
75086-1,92.38
75088-1,25.91
75089-1,39.72
75091-1,28.5
75092-1,94.99
75093-1,177.72
75094-1,155.43
75095-1,250.0
75096-1,184.74
75098-1,485.13
75099-1,11.43
75100-1,38.1
75101-1,131.62
75102-1,138.16
75103-1,181.34
75104-1,90.0
75105-1,207.73
75106-1,169.34
75107-1,18.0
75108-1,17.27
75109-1,35.41
75110-1,11.23
7511-1,20.76
75111-1,18.92
75112-1,60.45
75113-1,15.38
75114-1,28.66
75115-1,24.14
75116-1,10.36
75117-1,20.0
75118-1,39.99
75119-1,9.52
75120-1,32.33
75121-1,20.72
75125-1,9.09
75126-1,7.72
75127-1,22.19
75128-1,7.51
75129-1,10.79
75130-1,10.1
7513-1,32.87
75131-1,14.68
75132-1,10.1
75133-1,22.19
75134-1,41.87
75135-1,70.0
75136-1,20.46
75137-1,31.09
75138-1,44.4
75139-1,29.1
75140-1,82.58
75141-1,50.69
75142-1,104.7
75144-1,307.93
75145-1,59.87
75147-1,92.36
75148-1,36.2
75149-1,141.08
75150-1,103.62
6136704,55.0
75154-1,76.98
75155-1,115.47
75156-1,101.75
75157-1,192.45
75158-1,124.68
75159-1,846.8
75160-1,12.36
75161-1,10.62
75162-1,16.75
75163-1,12.34
75164-1,6.08
75165-1,39.72
75166-1,31.33
75167-1,23.08
75168-1,29.1
75169-1,61.58
75170-1,86.35
75171-1,88.17
75172-1,141.65
75173-1,38.47
75174-1,69.27
75175-1,123.16
75176-1,38.08
75177-1,50.81
75178-1,99.58
75179-1,140.0
75180-1,85.0
75181-1,307.93
75182-1,80.0
75185-1,102.37
75186-1,103.48
75187-1,143.19
75188-1,170.13
75189-1,173.11
75190-1,307.93
75193-1,13.84
75194-1,7.7
75195-1,18.46
75196-1,10.28
75197-1,6.08
75198-1,20.53
75199-1,23.75
75200-1,41.5
75201-1,84.66
75202-1,68.82
75203-1,44.46
75204-1,38.47
75205-1,76.16
75206-1,32.9
75207-1,21.47
75208-1,63.52
75209-1,31.95
75210-1,61.08
75212-1,230.93
75214-1,31.09
75215-1,23.92
75216-1,90.0
75217-1,90.0
75218-1,152.42
75219-1,108.8
75220-1,232.69
7522-1,50.78
75221-1,153.95
75222-1,768.28
75223-1,8.63
75224-1,12.34
75225-1,27.71
75226-1,17.01
75227-1,107.76
75228-1,12.32
75229-1,35.41
75230-1,119.32
75233-1,115.0
75234-1,25.41
75235-1,40.0
75236-1,41.34
75238-1,42.84
75240-1,86.35
75242-1,71.07
75243-1,233.15
75244-1,277.13
75246-1,18.98
75247-1,23.08
75248-1,35.0
75249-1,85.0
75250-1,45.0
7525-1,5.53
75251-1,30.78
75252-1,953.03
75253-1,190.54
75254-1,63.44
75255-1,23.02
75256-1,144.8
75257-1,209.97
75258-1,36.66
75259-1,125.75
75261-1,115.47
75262-1,58.75
75263-1,10.07
75264-1,10.14
75265-1,24.42
75266-1,11.83
75267-1,19.0
75268-1,24.42
75269-1,31.76
6288999,40.65
75271-1,36.8
75272-1,61.57
75273-1,76.97
75274-1,96.98
75275-1,249.47
75276-1,84.68
75277-1,75.12
75278-1,89.15
75280-1,36.66
75281-1,36.8
75284-1,76.16
75286-1,102.06
75288-1,235.65
75290-1,311.58
75291-1,127.97
75293-1,114.3
75294-1,142.49
75295-1,16.5
75299-1,52.9
75318-1,102.06
75523-1,21.24
75524-1,13.16
75525-1,15.45
75526-1,29.73
75528-1,26.16
75529-1,25.39
75530-1,31.43
75533-1,95.28
75534-1,43.18
75535-1,36.63
6213573,50.8
75549-1,25.0
75551-1,97.61
7566-1,15.4
7569-1,37.6
7570-1,55.89
7571-1,91.46
7572-1,73.77
75810-1,277.12
75821-1,23.51
75822-1,15.0
75823-1,40.42
75824-1,50.0
75825-1,51.93
75826-1,143.19
75827-1,813.28
7583-1,10.78
75870-1,76.97
75871-1,69.27
75872-1,46.17
75873-1,50.81
75874-1,115.46
75876-1,192.45
75877-1,46.17
75878-1,111.69
75879-1,15.93
75880-1,47.03
75883-1,198.61
75884-1,24.63
75885-1,29.25
75886-1,38.41
75887-1,46.17
75888-1,75.44
75889-1,165.14
75890-1,18.03
75891-1,16.78
75892-1,20.77
75894-1,60.0
75895-1,18.03
75899-1,30.79
75900-1,66.49
7590-1,38.49
75901-1,16.5
75902-1,133.38
75903-1,143.19
75904-1,172.46
75908-1,51.74
75909-1,28.97
6100013,92.36
7591-1,56.15
75911-1,106.71
75912-1,69.08
75915-1,63.5
75916-1,127.02
75917-1,138.55
75918-1,215.53
75919-1,628.81
75920-1,169.34
7592-1,38.11
75926-1,63.45
75927-1,36.84
75928-1,90.84
75929-1,129.33
7593-1,73.77
75931-1,78.51
75932-1,95.28
75933-1,138.55
75934-1,34.3
75935-1,74.36
75936-1,352.69
75937-1,85.75
75938-1,140.0
75940-1,99.87
7594-1,107.77
75941-1,171.48
75942-1,49.94
75945-1,24.84
75946-1,53.87
6251015,92.38
6251023,76.97
75950-1,38.47
7595-1,39.35
75951-1,25.0
75952-1,80.03
75953-1,89.3
75954-1,127.59
75955-1,123.16
75956-1,52.37
75957-1,49.56
75958-1,75.6
7596-1,138.57
75965-1,33.24
75966-1,27.71
75967-1,8.66
75968-1,35.0
75969-1,92.36
75970-1,15.0
75971-1,26.0
75972-1,34.6
75974-1,80.03
75975-1,100.36
75976-1,24.99
75978-1,583.77
75979-1,68.72
75980-1,169.34
7598-1,157.52
75987-1,36.87
7599-1,157.52
76000-1,31.16
6024698,60.0
76002-1,15.0
76003-1,43.19
76004-1,30.0
76006-1,46.0
76007-1,85.0
76008-1,33.0
76009-1,22.5
76014-1,27.71
76015-1,30.0
76016-1,29.93
76017-1,31.69
6062397,83.97
76019-1,48.27
76020-1,66.0
76021-1,120.0
76022-1,152.43
76023-1,615.85
76025-1,5.72
76026-1,100.08
76028-1,120.05
76029-1,30.0
76030-1,18.83
76031-1,99.87
76032-1,103.62
76035-1,138.57
76036-1,33.87
76037-1,75.44
76038-1,137.64
76039-1,65.0
6100875,71.76
76041-1,107.98
6102249,510.67
76044-1,12.55
76045-1,53.12
76046-1,40.0
76047-1,113.18
76048-1,27.63
76049-1,120.68
76050-1,25.97
76051-1,238.64
76052-1,299.79
76053-1,34.63
76054-1,69.87
76055-1,93.75
76057-1,176.35
76059-1,51.81
76060-1,57.17
76061-1,7.72
76062-1,9.27
76063-1,6.35
76064-1,6.35
76065-1,7.62
76066-1,8.26
76067-1,76.97
76068-1,5.72
76069-1,4.45
76070-1,4.45
7607-1,38.05
76071-1,5.72
76072-1,18.46
76073-1,18.46
76075-1,29.22
76076-1,51.93
76077-1,63.0
76078-1,120.0
76079-1,60.38
76080-1,29.0
7608-1,38.05
76081-1,121.18
76082-1,34.6
76083-1,69.86
76084-1,95.28
76085-1,25.15
76086-1,69.27
76087-1,38.47
76088-1,155.43
76089-1,8.19
76091-1,18.46
76092-1,18.46
76093-1,16.71
76095-1,90.84
6212663,69.72
76099-1,17.67
76100-1,70.54
76101-1,12.07
76102-1,63.52
6212647,69.13
76104-1,49.87
76105-1,230.93
76107-1,86.35
76109-1,38.11
76110-1,46.17
76111-1,38.05
76112-1,114.69
76113-1,50.5
76114-1,23.08
76115-1,68.6
76116-1,30.89
76117-1,66.0
76118-1,45.28
76119-1,53.89
76122-1,30.78
76123-1,30.78
76124-1,27.0
76125-1,23.08
76126-1,87.65
76127-1,38.53
76128-1,52.35
76129-1,38.1
76130-1,84.66
76131-1,126.91
76134-1,58.58
76137-1,17.5
76138-1,45.87
76139-1,323.31
76140-1,11.84
76141-1,15.24
76142-1,42.81
76143-1,49.56
76144-1,55.0
76146-1,11.84
76147-1,31.76
76148-1,37.13
76149-1,44.12
76150-1,69.46
76151-1,116.0
76152-1,74.36
76153-1,157.47
76157-1,49.56
76158-1,11.84
76159-1,61.97
76160-1,114.83
76161-1,384.91
6296472,50.8
76164-1,49.56
76165-1,74.36
6308482,149.9
76167-1,45.73
76168-1,30.79
76169-1,30.79
76171-1,30.79
76172-1,24.63
76173-1,46.19
76174-1,100.08
7620-1,38.1
7621-1,61.65
7622-1,120.0
7623-1,127.02
7624-1,31.75
7625-1,138.57
7626-1,209.6
7627-1,379.83
7628-1,152.43
7630-1,12.32
7631-1,26.94
7632-1,101.03
7633-1,154.52
7634-1,16.72
7635-1,24.84
7636-1,114.32
7637-1,383.37
7638-1,7.19
76382-1,36.07
76383-1,36.07
76384-1,36.07
76385-1,36.07
7639-1,8.66
7641-1,130.87
7642-1,94.99
7643-1,16.94
7644-1,123.17
7645-1,92.38
7647-1,27.71
7654-1,33.87
7655-1,73.04
7656-1,46.23
7657-1,52.35
7658-1,96.92
7659-1,63.52
7661-1,100.06
7662-1,463.37
7664-1,96.52
7667-1,13.27
7668-1,27.71
7669-1,22.39
7671-1,171.38
7672-1,107.77
7673-1,43.62
7675-1,277.13
7676-1,760.93
7681-1,68.3
7682-1,98.72
7683-1,168.07
7685-1,53.65
7686-1,26.94
7688-1,17.29
76895-1,18.96
76896-1,18.96
76897-1,24.05
7690-1,146.27
7691-1,142.9
7692-1,62.09
7693-1,24.63
7694-1,14.49
7695-1,10.35
7696-1,259.66
7697-1,22.32
7701-1,25.91
7703-1,38.61
7704-1,19.06
7706-1,86.55
7707-1,80.4
7709-1,384.91
7710-1,115.42
7711-1,9.24
7716-1,6.29
7717-1,15.4
7718-1,6.72
7719-1,4.43
7723-1,23.09
7731-1,10.7
7732-1,10.78
7734-1,43.28
7736-1,3.08
7741-1,4.62
7744-1,571.65
7746-1,75.44
7747-1,107.97
7749-1,39.35
7752-1,127.03
7753-1,73.77
7760-1,615.85
7771-1,50.36
7772-1,53.89
7773-1,190.55
7774-1,158.79
7775-1,229.4
7776-1,37.72
7778-1,95.0
7779-1,180.39
7780-1,306.39
7783-1,739.02
7784-1,275.52
7785-1,28.58
7789-1,20.77
77904-1,146.01
77905-1,115.47
77906-1,65.93
7797-1,8.57
7798-1,10.3
7800-1,1.38
7801-1,6.04
7802-1,3.46
7803-1,3.89
7805-1,8.64
7808-1,5.72
7813-1,46.19
7816-1,230.94
7817-1,61.58
7820-1,153.96
7823-1,117.01
7824-1,165.14
7825-1,38.49
7839-1,117.01
7842-1,23.09
7869-1,96.75
7871-1,10.37
7872-1,4.33
7875-1,8.39
7877-1,306.39
7879-1,171.49
7890-1,11.07
7892-1,244.8
7897-1,169.34
7898-1,246.34
79000-1,38.47
7900-1,57.74
79001-1,30.78
79002-1,30.78
6022051,330.27
79004-1,46.17
79005-1,114.33
79006-1,207.73
79007-1,381.1
79008-1,247.72
79010-1,153.95
7901-1,8.85
79011-1,35.0
79012-1,38.47
79013-1,229.4
79014-1,239.2
79015-1,62.88
79016-1,38.47
79017-1,76.97
79018-1,444.6
7902-1,6.93
7905-1,177.06
7906-1,32.45
79100-1,21.03
79101-1,22.5
79102-1,17.85
79103-1,88.92
79107-1,56.97
79109-1,137.2
79111-1,254.05
79115-1,99.0
79116-1,110.87
79117-1,191.36
79118-1,30.74
79119-1,38.05
79120-1,50.0
79122-1,158.79
7913-1,60.82
7914-1,50.32
7915-1,18.48
792004-1,3.86
792008-1,7.68
7929-1,23.58
7936-1,55.0
7938-1,177.85
7939-1,230.94
7942-1,4.33
7944-1,137.03
7945-1,86.55
7946-1,307.91
7947-1,115.47
7948-1,22.32
7949-1,7.68
7950-1,60.05
7953-1,4.8
7955-1,69.28
7956-1,57.17
7957-1,9.99
7959-1,48.36
7961-1,77.23
7964-1,227.66
7965-1,328.9
7967-1,2.54
7968-1,4.92
7971-1,4.92
7976-1,5.99
7977-1,7.7
7978-1,23.09
7984-1,17.38
7985-1,173.11
7990-1,15.4
7991-1,14.63
7992-1,86.38
7993-1,76.98
7997-1,229.4
7998-1,55.39
8000-1,30.79
80006-1,69.21
80007-1,114.12
80008-1,128.38
80009-1,155.42
80010-1,199.71
8001,76.9
80011-1,228.25
80012-1,254.04
6289106,290.84
80014-1,108.85
6289108,154.35
6289109,343.01
8002-1,88.92
8007,61.51
8009-1,61.78
8010-1,49.27
80101-1,252.8
80102-1,291.34
80103-1,71.76
80104-1,158.79
80105-1,188.01
80106-1,125.76
8011-1,38.49
8012-1,129.83
8014-1,56.26
8015-1,15.22
8017-1,60.0
8018-1,84.66
8019-1,72.44
8036-1,70.0
8037-1,115.48
8038-1,311.26
8039-1,276.35
804-1,30.72
8041-1,95.26
8043-1,417.46
8045-1,11.55
8046-1,16.86
8047-1,46.12
8048-1,76.99
8049-1,127.02
8051-1,72.28
8053-1,221.33
8056-1,3.85
8057-1,7.62
8058-1,6.91
8059-1,6.93
8060-1,13.09
806-1,30.79
8061-1,48.47
8063-1,400.34
8065-1,10.7
8066-1,13.78
8067-1,46.5
8068-1,25.91
8069-1,90.85
8072-1,6.93
8073-1,3.46
8075-1,35.41
8076-1,13.86
8077-1,36.0
8078-1,207.75
8079-1,62.51
8080-1,56.74
8081-1,262.79
8083-1,15.4
8084-1,11.7
8085-1,29.26
8086-1,15.49
8087-1,112.08
8088-1,123.18
8089-1,73.83
8091-1,42.66
8092-1,20.0
8093-1,17.01
8095-1,127.88
8096-1,92.31
8097-1,120.24
8098-1,215.25
8099-1,110.8
81000-1,247.67
8100-1,20.0
8102-1,18.48
8103-1,23.04
8104-1,23.04
8106-1,129.58
8107-1,113.7
8108-1,398.91
8109-1,198.63
8111-1,34.64
8113-1,105.01
8114-1,10.01
8115-1,60.0
8117-1,49.27
8119-1,6.0
8120-1,3.85
8122-1,3.02
8128-1,146.1
8129-1,221.88
8135-1,115.48
8136-1,15.4
8137-1,4.62
8138-1,13.85
8140-1,38.02
8145-1,1077.82
8147-1,42.34
8148-1,4.93
8149-1,5.39
8150-1,6.06
8152-1,8.9
8154-1,152.43
8156-1,181.35
816-1,25.97
8161-1,269.33
8163-1,9.68
8164-1,6.92
8166-1,18.4
8168-1,25.0
8169-1,138.17
8183-1,84.69
8188-1,7.7
8189-1,9.24
8190-1,30.79
8191-1,67.75
8192-1,3.02
8194-1,2.51
8195-1,4.14
8197-1,15.0
8199-1,8.38
8200-1,5.39
8201-1,4.62
8205,4.6
8206-1,10.8
8211-1,129.34
8213,15.0
8215,15.4
8229,33.87
8231-1,17.27
8232,34.59
8235,13.86
8236,14.72
8244,38.49
8253,152.43
8257,123.03
8259-1,11.55
8261-1,32.88
8262-1,33.87
8263-1,92.38
8264-1,113.13
8265-1,230.96
8268,31.76
8270-1,11.55
8271-1,19.39
8272-1,183.23
8273-1,184.77
8274-1,146.28
8282-1,12.7
8283-1,46.19
8285-1,646.59
8287-1,229.42
8289-1,112.53
8290-1,7.7
8291-1,171.39
8294-1,84.69
8297-1,460.38
8301-1,12.98
8302-1,4.63
8303-1,3.02
8304-1,1.73
8305,30.79
831-1,38.42
8311-1,15.4
8314-1,53.88
8318-1,15.4
8354-1,10.01
8359-1,3.08
8360-1,13.84
8363-1,77.72
8364-1,337.2
8365-1,107.71
8366-1,614.36
8380-1,4.62
8381-1,12.42
8382-1,10.7
8384-1,38.48
8396-1,53.89
8397-1,23.25
8398-1,4.62
840-1,46.04
8401-1,19.25
8402-1,6.89
8403-1,86.61
8408,43.35
8414,44.0
8415-1,39.74
8420-1,152.45
8421-1,292.4
8423-1,17.31
8424-1,9.09
8426-1,13.82
8435-1,75.75
8436-1,269.46
8437,95.57
8439-1,614.36
8448-1,177.07
8457,922.31
8462,138.58
8466-1,845.32
8470-1,20.77
8472-1,46.34
8480,506.42
8483-1,614.36
8484-1,61.79
8486-1,84.69
8490-1,12.36
8492-1,8.47
8493-1,15.4
8495-1,92.23
8496-1,111.8
850-1,46.19
6016019,67.75
8509,10.81
8510-1,9.27
8511,11.47
8512-1,10.81
8513,5.39
8514-1,3.81
8517-1,19.25
8522-1,12.36
4536875,342.16
4553021,307.95
4585532,307.95
8528-1,17.53
8529-1,44.62
4599605,15.58
8531,9.24
4623560,53.66
8532-1,11.37
4638572,49.8
4644585,64.16
8533,12.64
8534-1,10.7
8535,16.45
8536-1,23.17
8537-1,84.69
6253397,11.43
6254292,46.18
6255879,8.64
6266715,15.24
8539-1,195.63
6256560,7.46
853967-1,294.31
6295995,15.0
8540-1,9.16
854048-1,19.1
854065-1,16.92
8541,11.66
8542-1,9.16
8543,10.7
8544-1,10.98
8545,16.94
8547-1,460.38
8548-1,44.65
8549-1,260.22
8550-1,12.93
855-1,100.08
8551-1,12.93
8552-1,10.7
8553-1,12.07
8554-1,13.86
8555-1,7.62
8557-1,91.31
8560-1,10.97
856-1,92.38
8561-1,11.09
8562-1,10.78
8563-1,13.09
8564-1,12.7
8565-1,12.7
8566-1,7.72
8567-1,9.51
8568-1,10.11
8570-1,12.24
857-1,138.58
8571-1,15.24
8572-1,12.36
8573-1,15.4
8574-1,10.78
8575-1,12.32
8576-1,8.45
8577-1,7.7
8578-1,10.78
8581-1,14.63
8582-1,13.17
8583-1,15.35
8584-1,12.36
8587-1,8.84
8588-1,9.27
8589-1,7.61
8590-1,7.72
8591-1,7.72
8592-1,7.72
8593-1,59.97
8594-1,98.92
8596-1,69.29
8607-1,5.97
8608-1,12.32
8609-1,8.26
8610-1,14.63
8611-1,9.0
8612-1,10.62
8614-1,6.93
8620-1,20.79
8621-1,46.34
8622-1,43.11
8623-1,30.89
8625-1,86.54
8638-1,85.75
8639-1,6.35
8640-1,68.45
8641-1,3.08
8642-1,5.08
8643-1,4.62
8644-1,10.45
8645-1,43.11
8646-1,25.0
8647-1,5.39
8648-1,30.78
8650-1,18.48
8651-1,79.22
8652-1,46.18
8653-1,269.46
8654-1,230.96
8655-1,5.0
8656-1,6.35
8661-1,15.38
8663-1,15.38
8664-1,4.46
8668-1,13.85
8669-1,13.85
8670-1,13.85
8671-1,383.4
8673-1,112.53
8674-1,1153.27
8676-1,100.08
8677-1,61.59
8678-1,34.54
8679-1,65.44
8681-1,83.64
8682-1,183.23
8683-10,20.79
8683-11,29.24
8683-12,9.16
8683-13,7.62
8683-14,22.8
8683-15,12.69
8683-16,12.4
8683-2,12.32
8683-3,10.7
8683-4,18.4
8683-5,25.39
8683-6,11.32
8683-7,13.09
8683-8,12.83
8684-10,6.0
8684-11,6.49
8684-12,10.39
8684-13,8.57
8684-14,8.0
8684-15,11.69
8684-16,9.16
8684-2,24.62
8684-4,6.06
8684-5,19.37
8684-6,4.54
8684-7,4.94
8685-1,21.3
8686-1,24.64
8687-1,18.39
8688-1,25.41
8690-1,24.64
8691-1,30.79
8694-1,38.49
8695-1,13.86
8696-1,16.35
8699-1,103.87
8702-1,34.69
8704-1,9.65
8705-1,30.78
8706-1,25.97
8707-1,53.89
8708-1,61.59
8709-1,429.59
8721-1,5.39
8722-1,6.53
8725-1,6.8
8733-1,61.79
8736-1,9.27
8737-1,12.32
8738-1,9.24
8739-1,13.86
8740-1,9.24
8741-1,10.78
8742-1,9.24
8744-1,9.16
8746-1,12.32
8748-1,6.16
8755-1,53.89
8759-1,52.34
8762-1,21.6
8769-1,55.36
8770-1,4.53
8779-1,53.96
8780-1,115.48
8791-1,4.62
8792-1,11.31
8793-1,7.53
8795-1,7.7
8799-1,38.95
8800-1,38.95
88010-1,12.63
88011-1,23.09
88012-1,42.75
88014-1,40.52
8803-10,4.43
8803-11,3.9
8803-12,12.55
8803-13,4.14
8803-14,4.81
8803-15,8.0
8803-16,6.54
8803-3,13.0
8803-4,5.22
8803-5,7.27
8803-6,7.7
8803-7,4.76
8803-8,4.99
8803-9,7.7
8804-10,5.01
8804-11,2.95
8804-12,3.85
8804-13,18.89
8804-14,4.7
8804-15,5.03
8804-16,3.37
8804-2,6.08
8804-3,6.5
8804-4,4.66
8804-5,4.14
8804-6,5.07
8804-7,4.9
8804-8,9.21
8804-9,4.74
8805-10,3.81
8805-11,4.21
8805-12,6.34
8805-13,4.1
8805-14,5.45
8805-15,16.94
8805-16,8.5
8805-2,13.72
8805-3,8.41
8805-4,6.91
8805-5,3.03
8805-6,13.78
8805-7,3.6
8805-8,4.45
8805-9,6.17
8808-1,8.08
8810-1,7.7
8815-1,9.57
8820-1,14.11
8822-1,100.21
8824-1,18.32
8825-1,7.62
8826-1,11.4
8827-10,30.3
8827-11,13.45
8827-12,4.66
8827-13,5.53
8827-14,11.09
8827-15,4.32
8827-16,6.34
8827-2,4.12
8827-3,9.83
8827-4,7.87
8827-5,6.16
8827-6,3.46
8827-7,10.39
8827-9,6.91
8828-1,19.4
8829-1,53.73
8830-1,18.48
8831-13,6.84
8831-2,17.71
8831-5,12.03
8831-9,5.39
8832-1,7.7
8833-10,5.08
8833-11,4.81
8833-12,7.61
8833-13,7.79
8833-14,12.12
8833-15,6.06
8833-16,23.08
8833-2,15.4
8833-3,11.11
8833-4,5.54
8833-5,8.62
8833-6,11.24
8833-7,8.29
8833-8,14.0
8835-1,26.95
8836-1,22.69
8837-1,46.19
8838-1,34.54
8839-1,383.4
8843-1,76.99
8844-1,39.57
8845-1,30.79
8848-1,92.38
8849-1,100.08
8850-1,73.14
885-1,9.24
8851-1,123.57
8852-1,61.59
8854-1,92.38
8855-1,100.24
8859-1,190.56
8860-1,138.58
886-1,10.49
8862-1,130.88
8865-1,146.28
8872-1,83.15
8873-1,76.99
8874-1,38.54
8876-1,138.58
8877-1,246.34
8878-1,176.51
8879-1,24.93
8880,251.03
889-1,8.47
8894-1,107.77
8896-1,10.0
8897-1,10.8
8898-1,76.99
8899-1,25.0
8900-1,15.32
8901-1,13.09
8902-1,12.32
8903-1,15.4
8904-1,26.25
8905-1,20.79
8909-4,29.43
8909-5,23.1
891501-1,9.78
891503-1,3.9
891508-1,4.79
8916-1,21.63
891611-1,4.62
891612-1,3.08
891613-1,3.08
891614-1,4.62
891615-1,12.3
891616-1,3.08
891618,4.62
891619-1,1.54
891620-1,4.62
8917-1,16.12
891721-1,4.62
891722-1,3.83
891723-1,4.62
891725-1,7.7
891727-1,4.31
891728-1,4.45
891729-1,4.0
891730-1,6.92
891731-1,8.46
891732-1,3.85
8918-1,76.97
891833-1,4.23
891834-1,3.51
891835-1,3.83
891836-1,3.46
891837-1,2.81
891838-1,3.39
891839-1,3.25
891840-1,3.8
891841-1,4.41
891842-1,2.54
891843-1,3.85
891844-1,3.21
8919-1,15.4
891945-1,6.01
891946-1,3.45
891947-1,4.24
891948-1,4.27
891949-1,4.41
891950-1,7.43
891951-1,5.19
891952-1,5.18
891953-1,4.49
891955-1,4.33
891956-1,6.34
891957-1,8.64
891958-1,6.14
892059-1,4.59
892060-1,5.48
892061-1,6.61
892066-1,7.68
892067-1,5.18
892068-1,7.68
8921-1,19.94
8922-1,84.69
8926-1,55.87
8929-1,38.49
8930-1,15.45
8931-1,9.27
8932-1,6.53
8935-1,84.69
8939-1,337.2
8940-1,259.66
894-1,30.02
8943-1,123.18
8944-1,5.77
8945-1,6.53
8947-1,5.7
8949-1,8.57
8953-1,164.45
8956-1,3.85
8957-1,4.62
8958-1,6.93
8959-1,19.91
8960-1,33.49
8961-1,113.53
8962-1,18.48
8963-1,19.25
8964-1,366.45
8967-1,46.19
8968-1,38.1
8969-1,38.49
897-1,15.4
8972-1,7.62
8973-1,6.47
8974-1,9.27
8975-1,9.16
8977-1,9.24
8978-1,19.25
8979-1,17.66
8981-1,62.32
8982-1,18.48
8985-1,154.08
8986-1,27.71
8987-1,43.26
8989-1,38.05
8991-1,58.86
8993-1,44.46
8995-1,119.45
8998-1,502.05
906-1,53.89
9071,
9079-1,
9094-1,
911506-1,
911509-1,
911511-1,
911607-1,
911608-1,
911609-1,
911610-1,
911611-1,
911613-1,
911614-1,
911615-1,
911616-1,
911617-1,
911618-1,
911719-1,
911720-1,
911721-1,
911722-1,
911723-1,
911724-1,
911725-1,
911726-1,
911727-1,
911728-1,
911729-1,
911730-1,
911831-1,
911832-1,
911833-1,
911834-1,
911835-1,
911836-1,
911837-1,
911838-1,
911839-1,
911840-1,
911841-1,
911842-1,
911943-1,
911944-1,
911945-1,
911946-1,
911947-1,
911948-1,
911949-1,
911950-1,
911951-1,
911952-1,
911953-1,
911954-1,
912055-1,
912056-1,
912059-1,
912060-1,
912061-1,
912063-1,
912065-1,
912067-1,
9134-1,
92176-1,
92177-1,
924-1,
931-1,
933-1,
9388-1,
9390-1,
9392-1,
9393-1,
9394-1,
9395-1,
9396-1,
9397-1,
9440-1,
9441-1,
9442-1,
9443-1,
9444-1,
9446-1,
9447-1,
9448-1,
9449-1,
9450-1,
9456-1,
9457-1,
9461-1,
9462-1,
9463-1,
9467-1,
9469-1,
9470-1,
9471-1,
9472-1,
9473-1,
9476-1,
9478-1,
9480-1,
9481-1,
9483-1,
9484-1,
9486-1,
9490-1,
9491-1,
9492-1,
9493-1,
9494-1,
9495-1,
9496-1,
9498-1,
9499-1,
9500-1,
9516-1,
951701,
951806-1,
951810-1,
951901-1,
951902-1,
951904-1,
951905-1,
951907-1,
951908-1,
951912-1,
952003-1,
952008-1,
952016-1,
952018-1,
952019-1,
9525-1,
9526-1,
9551-1,
9552-1,
9553-1,
9556-1,
9557-1,
9561-1,
9562-1,
9563-1,
9564-1,
9566-1,
9573-1,
9574-1,
9590-1,
9591-1,
9668-1,
970-1,
9713,
9732,
9736-1,
9748-1,
9755,
9783-1,
9841-1,
9889,
9891,
9938-1,
